Province/State,Country/Region,Lat,Long,Date,Confirmed,Deaths,Recovered,Active,WHO Region
Australian Capital Territory,Australia,-35.4735,149.0124,22-01-2020,0,0,0,0,Western Pacific
New South Wales,Australia,-33.8688,151.2093,22-01-2020,0,0,0,0,Western Pacific
Northern Territory,Australia,-12.4634,130.8456,22-01-2020,0,0,0,0,Western Pacific
Queensland,Australia,-28.0167,153.4,22-01-2020,0,0,0,0,Western Pacific
South Australia,Australia,-34.9285,138.6007,22-01-2020,0,0,0,0,Western Pacific
Tasmania,Australia,-41.4545,145.9707,22-01-2020,0,0,0,0,Western Pacific
Victoria,Australia,-37.8136,144.9631,22-01-2020,0,0,0,0,Western Pacific
Western Australia,Australia,-31.9505,115.8605,22-01-2020,0,0,0,0,Western Pacific
Australian Capital Territory,Australia,-35.4735,149.0124,23-01-2020,0,0,0,0,Western Pacific
New South Wales,Australia,-33.8688,151.2093,23-01-2020,0,0,0,0,Western Pacific
Northern Territory,Australia,-12.4634,130.8456,23-01-2020,0,0,0,0,Western Pacific
Queensland,Australia,-28.0167,153.4,23-01-2020,0,0,0,0,Western Pacific
South Australia,Australia,-34.9285,138.6007,23-01-2020,0,0,0,0,Western Pacific
Tasmania,Australia,-41.4545,145.9707,23-01-2020,0,0,0,0,Western Pacific
Victoria,Australia,-37.8136,144.9631,23-01-2020,0,0,0,0,Western Pacific
Western Australia,Australia,-31.9505,115.8605,23-01-2020,0,0,0,0,Western Pacific
Australian Capital Territory,Australia,-35.4735,149.0124,24-01-2020,0,0,0,0,Western Pacific
New South Wales,Australia,-33.8688,151.2093,24-01-2020,0,0,0,0,Western Pacific
Northern Territory,Australia,-12.4634,130.8456,24-01-2020,0,0,0,0,Western Pacific
Queensland,Australia,-28.0167,153.4,24-01-2020,0,0,0,0,Western Pacific
South Australia,Australia,-34.9285,138.6007,24-01-2020,0,0,0,0,Western Pacific
Tasmania,Australia,-41.4545,145.9707,24-01-2020,0,0,0,0,Western Pacific
Victoria,Australia,-37.8136,144.9631,24-01-2020,0,0,0,0,Western Pacific
Western Australia,Australia,-31.9505,115.8605,24-01-2020,0,0,0,0,Western Pacific
Australian Capital Territory,Australia,-35.4735,149.0124,25-01-2020,0,0,0,0,Western Pacific
New South Wales,Australia,-33.8688,151.2093,25-01-2020,0,0,0,0,Western Pacific
Northern Territory,Australia,-12.4634,130.8456,25-01-2020,0,0,0,0,Western Pacific
Queensland,Australia,-28.0167,153.4,25-01-2020,0,0,0,0,Western Pacific
South Australia,Australia,-34.9285,138.6007,25-01-2020,0,0,0,0,Western Pacific
Tasmania,Australia,-41.4545,145.9707,25-01-2020,0,0,0,0,Western Pacific
Victoria,Australia,-37.8136,144.9631,25-01-2020,0,0,0,0,Western Pacific
Western Australia,Australia,-31.9505,115.8605,25-01-2020,0,0,0,0,Western Pacific
Australian Capital Territory,Australia,-35.4735,149.0124,26-01-2020,0,0,0,0,Western Pacific
New South Wales,Australia,-33.8688,151.2093,26-01-2020,3,0,0,3,Western Pacific
Northern Territory,Australia,-12.4634,130.8456,26-01-2020,0,0,0,0,Western Pacific
Queensland,Australia,-28.0167,153.4,26-01-2020,0,0,0,0,Western Pacific
South Australia,Australia,-34.9285,138.6007,26-01-2020,0,0,0,0,Western Pacific
Tasmania,Australia,-41.4545,145.9707,26-01-2020,0,0,0,0,Western Pacific
Victoria,Australia,-37.8136,144.9631,26-01-2020,1,0,0,1,Western Pacific
Western Australia,Australia,-31.9505,115.8605,26-01-2020,0,0,0,0,Western Pacific
Australian Capital Territory,Australia,-35.4735,149.0124,27-01-2020,0,0,0,0,Western Pacific
New South Wales,Australia,-33.8688,151.2093,27-01-2020,4,0,0,4,Western Pacific
Northern Territory,Australia,-12.4634,130.8456,27-01-2020,0,0,0,0,Western Pacific
Queensland,Australia,-28.0167,153.4,27-01-2020,0,0,0,0,Western Pacific
South Australia,Australia,-34.9285,138.6007,27-01-2020,0,0,0,0,Western Pacific
Tasmania,Australia,-41.4545,145.9707,27-01-2020,0,0,0,0,Western Pacific
Victoria,Australia,-37.8136,144.9631,27-01-2020,1,0,0,1,Western Pacific
Western Australia,Australia,-31.9505,115.8605,27-01-2020,0,0,0,0,Western Pacific
Australian Capital Territory,Australia,-35.4735,149.0124,28-01-2020,0,0,0,0,Western Pacific
New South Wales,Australia,-33.8688,151.2093,28-01-2020,4,0,0,4,Western Pacific
Northern Territory,Australia,-12.4634,130.8456,28-01-2020,0,0,0,0,Western Pacific
Queensland,Australia,-28.0167,153.4,28-01-2020,0,0,0,0,Western Pacific
South Australia,Australia,-34.9285,138.6007,28-01-2020,0,0,0,0,Western Pacific
Tasmania,Australia,-41.4545,145.9707,28-01-2020,0,0,0,0,Western Pacific
Victoria,Australia,-37.8136,144.9631,28-01-2020,1,0,0,1,Western Pacific
Western Australia,Australia,-31.9505,115.8605,28-01-2020,0,0,0,0,Western Pacific
Australian Capital Territory,Australia,-35.4735,149.0124,29-01-2020,0,0,0,0,Western Pacific
New South Wales,Australia,-33.8688,151.2093,29-01-2020,4,0,0,4,Western Pacific
Northern Territory,Australia,-12.4634,130.8456,29-01-2020,0,0,0,0,Western Pacific
Queensland,Australia,-28.0167,153.4,29-01-2020,1,0,0,1,Western Pacific
South Australia,Australia,-34.9285,138.6007,29-01-2020,0,0,0,0,Western Pacific
Tasmania,Australia,-41.4545,145.9707,29-01-2020,0,0,0,0,Western Pacific
Victoria,Australia,-37.8136,144.9631,29-01-2020,1,0,0,1,Western Pacific
Western Australia,Australia,-31.9505,115.8605,29-01-2020,0,0,0,0,Western Pacific
Australian Capital Territory,Australia,-35.4735,149.0124,30-01-2020,0,0,0,0,Western Pacific
New South Wales,Australia,-33.8688,151.2093,30-01-2020,4,0,2,2,Western Pacific
Northern Territory,Australia,-12.4634,130.8456,30-01-2020,0,0,0,0,Western Pacific
Queensland,Australia,-28.0167,153.4,30-01-2020,3,0,0,3,Western Pacific
South Australia,Australia,-34.9285,138.6007,30-01-2020,0,0,0,0,Western Pacific
Tasmania,Australia,-41.4545,145.9707,30-01-2020,0,0,0,0,Western Pacific
Victoria,Australia,-37.8136,144.9631,30-01-2020,2,0,0,2,Western Pacific
Western Australia,Australia,-31.9505,115.8605,30-01-2020,0,0,0,0,Western Pacific
Australian Capital Territory,Australia,-35.4735,149.0124,31-01-2020,0,0,0,0,Western Pacific
New South Wales,Australia,-33.8688,151.2093,31-01-2020,4,0,2,2,Western Pacific
Northern Territory,Australia,-12.4634,130.8456,31-01-2020,0,0,0,0,Western Pacific
Queensland,Australia,-28.0167,153.4,31-01-2020,2,0,0,2,Western Pacific
South Australia,Australia,-34.9285,138.6007,31-01-2020,0,0,0,0,Western Pacific
Tasmania,Australia,-41.4545,145.9707,31-01-2020,0,0,0,0,Western Pacific
Victoria,Australia,-37.8136,144.9631,31-01-2020,3,0,0,3,Western Pacific
Western Australia,Australia,-31.9505,115.8605,31-01-2020,0,0,0,0,Western Pacific
Australian Capital Territory,Australia,-35.4735,149.0124,01-02-2020,0,0,0,0,Western Pacific
New South Wales,Australia,-33.8688,151.2093,01-02-2020,4,0,2,2,Western Pacific
Northern Territory,Australia,-12.4634,130.8456,01-02-2020,0,0,0,0,Western Pacific
Queensland,Australia,-28.0167,153.4,01-02-2020,3,0,0,3,Western Pacific
South Australia,Australia,-34.9285,138.6007,01-02-2020,1,0,0,1,Western Pacific
Tasmania,Australia,-41.4545,145.9707,01-02-2020,0,0,0,0,Western Pacific
Victoria,Australia,-37.8136,144.9631,01-02-2020,4,0,0,4,Western Pacific
Western Australia,Australia,-31.9505,115.8605,01-02-2020,0,0,0,0,Western Pacific
Australian Capital Territory,Australia,-35.4735,149.0124,02-02-2020,0,0,0,0,Western Pacific
New South Wales,Australia,-33.8688,151.2093,02-02-2020,4,0,2,2,Western Pacific
Northern Territory,Australia,-12.4634,130.8456,02-02-2020,0,0,0,0,Western Pacific
Queensland,Australia,-28.0167,153.4,02-02-2020,2,0,0,2,Western Pacific
South Australia,Australia,-34.9285,138.6007,02-02-2020,2,0,0,2,Western Pacific
Tasmania,Australia,-41.4545,145.9707,02-02-2020,0,0,0,0,Western Pacific
Victoria,Australia,-37.8136,144.9631,02-02-2020,4,0,0,4,Western Pacific
Western Australia,Australia,-31.9505,115.8605,02-02-2020,0,0,0,0,Western Pacific
Australian Capital Territory,Australia,-35.4735,149.0124,03-02-2020,0,0,0,0,Western Pacific
New South Wales,Australia,-33.8688,151.2093,03-02-2020,4,0,2,2,Western Pacific
Northern Territory,Australia,-12.4634,130.8456,03-02-2020,0,0,0,0,Western Pacific
Queensland,Australia,-28.0167,153.4,03-02-2020,2,0,0,2,Western Pacific
South Australia,Australia,-34.9285,138.6007,03-02-2020,2,0,0,2,Western Pacific
Tasmania,Australia,-41.4545,145.9707,03-02-2020,0,0,0,0,Western Pacific
Victoria,Australia,-37.8136,144.9631,03-02-2020,4,0,0,4,Western Pacific
Western Australia,Australia,-31.9505,115.8605,03-02-2020,0,0,0,0,Western Pacific
Australian Capital Territory,Australia,-35.4735,149.0124,04-02-2020,0,0,0,0,Western Pacific
New South Wales,Australia,-33.8688,151.2093,04-02-2020,4,0,2,2,Western Pacific
Northern Territory,Australia,-12.4634,130.8456,04-02-2020,0,0,0,0,Western Pacific
Queensland,Australia,-28.0167,153.4,04-02-2020,3,0,0,3,Western Pacific
South Australia,Australia,-34.9285,138.6007,04-02-2020,2,0,0,2,Western Pacific
Tasmania,Australia,-41.4545,145.9707,04-02-2020,0,0,0,0,Western Pacific
Victoria,Australia,-37.8136,144.9631,04-02-2020,4,0,0,4,Western Pacific
Western Australia,Australia,-31.9505,115.8605,04-02-2020,0,0,0,0,Western Pacific
Australian Capital Territory,Australia,-35.4735,149.0124,05-02-2020,0,0,0,0,Western Pacific
New South Wales,Australia,-33.8688,151.2093,05-02-2020,4,0,2,2,Western Pacific
Northern Territory,Australia,-12.4634,130.8456,05-02-2020,0,0,0,0,Western Pacific
Queensland,Australia,-28.0167,153.4,05-02-2020,3,0,0,3,Western Pacific
South Australia,Australia,-34.9285,138.6007,05-02-2020,2,0,0,2,Western Pacific
Tasmania,Australia,-41.4545,145.9707,05-02-2020,0,0,0,0,Western Pacific
Victoria,Australia,-37.8136,144.9631,05-02-2020,4,0,0,4,Western Pacific
Western Australia,Australia,-31.9505,115.8605,05-02-2020,0,0,0,0,Western Pacific
Australian Capital Territory,Australia,-35.4735,149.0124,06-02-2020,0,0,0,0,Western Pacific
New South Wales,Australia,-33.8688,151.2093,06-02-2020,4,0,2,2,Western Pacific
Northern Territory,Australia,-12.4634,130.8456,06-02-2020,0,0,0,0,Western Pacific
Queensland,Australia,-28.0167,153.4,06-02-2020,4,0,0,4,Western Pacific
South Australia,Australia,-34.9285,138.6007,06-02-2020,2,0,0,2,Western Pacific
Tasmania,Australia,-41.4545,145.9707,06-02-2020,0,0,0,0,Western Pacific
Victoria,Australia,-37.8136,144.9631,06-02-2020,4,0,0,4,Western Pacific
Western Australia,Australia,-31.9505,115.8605,06-02-2020,0,0,0,0,Western Pacific
Australian Capital Territory,Australia,-35.4735,149.0124,07-02-2020,0,0,0,0,Western Pacific
New South Wales,Australia,-33.8688,151.2093,07-02-2020,4,0,2,2,Western Pacific
Northern Territory,Australia,-12.4634,130.8456,07-02-2020,0,0,0,0,Western Pacific
Queensland,Australia,-28.0167,153.4,07-02-2020,5,0,0,5,Western Pacific
South Australia,Australia,-34.9285,138.6007,07-02-2020,2,0,0,2,Western Pacific
Tasmania,Australia,-41.4545,145.9707,07-02-2020,0,0,0,0,Western Pacific
Victoria,Australia,-37.8136,144.9631,07-02-2020,4,0,0,4,Western Pacific
Western Australia,Australia,-31.9505,115.8605,07-02-2020,0,0,0,0,Western Pacific
Australian Capital Territory,Australia,-35.4735,149.0124,08-02-2020,0,0,0,0,Western Pacific
New South Wales,Australia,-33.8688,151.2093,08-02-2020,4,0,2,2,Western Pacific
Northern Territory,Australia,-12.4634,130.8456,08-02-2020,0,0,0,0,Western Pacific
Queensland,Australia,-28.0167,153.4,08-02-2020,5,0,0,5,Western Pacific
South Australia,Australia,-34.9285,138.6007,08-02-2020,2,0,0,2,Western Pacific
Tasmania,Australia,-41.4545,145.9707,08-02-2020,0,0,0,0,Western Pacific
Victoria,Australia,-37.8136,144.9631,08-02-2020,4,0,0,4,Western Pacific
Western Australia,Australia,-31.9505,115.8605,08-02-2020,0,0,0,0,Western Pacific
Australian Capital Territory,Australia,-35.4735,149.0124,09-02-2020,0,0,0,0,Western Pacific
New South Wales,Australia,-33.8688,151.2093,09-02-2020,4,0,2,2,Western Pacific
Northern Territory,Australia,-12.4634,130.8456,09-02-2020,0,0,0,0,Western Pacific
Queensland,Australia,-28.0167,153.4,09-02-2020,5,0,0,5,Western Pacific
South Australia,Australia,-34.9285,138.6007,09-02-2020,2,0,0,2,Western Pacific
Tasmania,Australia,-41.4545,145.9707,09-02-2020,0,0,0,0,Western Pacific
Victoria,Australia,-37.8136,144.9631,09-02-2020,4,0,0,4,Western Pacific
Western Australia,Australia,-31.9505,115.8605,09-02-2020,0,0,0,0,Western Pacific
Australian Capital Territory,Australia,-35.4735,149.0124,10-02-2020,0,0,0,0,Western Pacific
New South Wales,Australia,-33.8688,151.2093,10-02-2020,4,0,2,2,Western Pacific
Northern Territory,Australia,-12.4634,130.8456,10-02-2020,0,0,0,0,Western Pacific
Queensland,Australia,-28.0167,153.4,10-02-2020,5,0,0,5,Western Pacific
South Australia,Australia,-34.9285,138.6007,10-02-2020,2,0,0,2,Western Pacific
Tasmania,Australia,-41.4545,145.9707,10-02-2020,0,0,0,0,Western Pacific
Victoria,Australia,-37.8136,144.9631,10-02-2020,4,0,0,4,Western Pacific
Western Australia,Australia,-31.9505,115.8605,10-02-2020,0,0,0,0,Western Pacific
Australian Capital Territory,Australia,-35.4735,149.0124,11-02-2020,0,0,0,0,Western Pacific
New South Wales,Australia,-33.8688,151.2093,11-02-2020,4,0,2,2,Western Pacific
Northern Territory,Australia,-12.4634,130.8456,11-02-2020,0,0,0,0,Western Pacific
Queensland,Australia,-28.0167,153.4,11-02-2020,5,0,0,5,Western Pacific
South Australia,Australia,-34.9285,138.6007,11-02-2020,2,0,0,2,Western Pacific
Tasmania,Australia,-41.4545,145.9707,11-02-2020,0,0,0,0,Western Pacific
Victoria,Australia,-37.8136,144.9631,11-02-2020,4,0,0,4,Western Pacific
Western Australia,Australia,-31.9505,115.8605,11-02-2020,0,0,0,0,Western Pacific
Australian Capital Territory,Australia,-35.4735,149.0124,12-02-2020,0,0,0,0,Western Pacific
New South Wales,Australia,-33.8688,151.2093,12-02-2020,4,0,2,2,Western Pacific
Northern Territory,Australia,-12.4634,130.8456,12-02-2020,0,0,0,0,Western Pacific
Queensland,Australia,-28.0167,153.4,12-02-2020,5,0,0,5,Western Pacific
South Australia,Australia,-34.9285,138.6007,12-02-2020,2,0,0,2,Western Pacific
Tasmania,Australia,-41.4545,145.9707,12-02-2020,0,0,0,0,Western Pacific
Victoria,Australia,-37.8136,144.9631,12-02-2020,4,0,0,4,Western Pacific
Western Australia,Australia,-31.9505,115.8605,12-02-2020,0,0,0,0,Western Pacific
Australian Capital Territory,Australia,-35.4735,149.0124,13-02-2020,0,0,0,0,Western Pacific
New South Wales,Australia,-33.8688,151.2093,13-02-2020,4,0,4,0,Western Pacific
Northern Territory,Australia,-12.4634,130.8456,13-02-2020,0,0,0,0,Western Pacific
Queensland,Australia,-28.0167,153.4,13-02-2020,5,0,0,5,Western Pacific
South Australia,Australia,-34.9285,138.6007,13-02-2020,2,0,0,2,Western Pacific
Tasmania,Australia,-41.4545,145.9707,13-02-2020,0,0,0,0,Western Pacific
Victoria,Australia,-37.8136,144.9631,13-02-2020,4,0,4,0,Western Pacific
Western Australia,Australia,-31.9505,115.8605,13-02-2020,0,0,0,0,Western Pacific
Australian Capital Territory,Australia,-35.4735,149.0124,14-02-2020,0,0,0,0,Western Pacific
New South Wales,Australia,-33.8688,151.2093,14-02-2020,4,0,4,0,Western Pacific
Northern Territory,Australia,-12.4634,130.8456,14-02-2020,0,0,0,0,Western Pacific
Queensland,Australia,-28.0167,153.4,14-02-2020,5,0,0,5,Western Pacific
South Australia,Australia,-34.9285,138.6007,14-02-2020,2,0,0,2,Western Pacific
Tasmania,Australia,-41.4545,145.9707,14-02-2020,0,0,0,0,Western Pacific
Victoria,Australia,-37.8136,144.9631,14-02-2020,4,0,4,0,Western Pacific
Western Australia,Australia,-31.9505,115.8605,14-02-2020,0,0,0,0,Western Pacific
Australian Capital Territory,Australia,-35.4735,149.0124,15-02-2020,0,0,0,0,Western Pacific
New South Wales,Australia,-33.8688,151.2093,15-02-2020,4,0,4,0,Western Pacific
Northern Territory,Australia,-12.4634,130.8456,15-02-2020,0,0,0,0,Western Pacific
Queensland,Australia,-28.0167,153.4,15-02-2020,5,0,0,5,Western Pacific
South Australia,Australia,-34.9285,138.6007,15-02-2020,2,0,0,2,Western Pacific
Tasmania,Australia,-41.4545,145.9707,15-02-2020,0,0,0,0,Western Pacific
Victoria,Australia,-37.8136,144.9631,15-02-2020,4,0,4,0,Western Pacific
Western Australia,Australia,-31.9505,115.8605,15-02-2020,0,0,0,0,Western Pacific
Australian Capital Territory,Australia,-35.4735,149.0124,16-02-2020,0,0,0,0,Western Pacific
New South Wales,Australia,-33.8688,151.2093,16-02-2020,4,0,4,0,Western Pacific
Northern Territory,Australia,-12.4634,130.8456,16-02-2020,0,0,0,0,Western Pacific
Queensland,Australia,-28.0167,153.4,16-02-2020,5,0,0,5,Western Pacific
South Australia,Australia,-34.9285,138.6007,16-02-2020,2,0,0,2,Western Pacific
Tasmania,Australia,-41.4545,145.9707,16-02-2020,0,0,0,0,Western Pacific
Victoria,Australia,-37.8136,144.9631,16-02-2020,4,0,4,0,Western Pacific
Western Australia,Australia,-31.9505,115.8605,16-02-2020,0,0,0,0,Western Pacific
Australian Capital Territory,Australia,-35.4735,149.0124,17-02-2020,0,0,0,0,Western Pacific
New South Wales,Australia,-33.8688,151.2093,17-02-2020,4,0,4,0,Western Pacific
Northern Territory,Australia,-12.4634,130.8456,17-02-2020,0,0,0,0,Western Pacific
Queensland,Australia,-28.0167,153.4,17-02-2020,5,0,0,5,Western Pacific
South Australia,Australia,-34.9285,138.6007,17-02-2020,2,0,2,0,Western Pacific
Tasmania,Australia,-41.4545,145.9707,17-02-2020,0,0,0,0,Western Pacific
Victoria,Australia,-37.8136,144.9631,17-02-2020,4,0,4,0,Western Pacific
Western Australia,Australia,-31.9505,115.8605,17-02-2020,0,0,0,0,Western Pacific
Australian Capital Territory,Australia,-35.4735,149.0124,18-02-2020,0,0,0,0,Western Pacific
New South Wales,Australia,-33.8688,151.2093,18-02-2020,4,0,4,0,Western Pacific
Northern Territory,Australia,-12.4634,130.8456,18-02-2020,0,0,0,0,Western Pacific
Queensland,Australia,-28.0167,153.4,18-02-2020,5,0,0,5,Western Pacific
South Australia,Australia,-34.9285,138.6007,18-02-2020,2,0,2,0,Western Pacific
Tasmania,Australia,-41.4545,145.9707,18-02-2020,0,0,0,0,Western Pacific
Victoria,Australia,-37.8136,144.9631,18-02-2020,4,0,4,0,Western Pacific
Western Australia,Australia,-31.9505,115.8605,18-02-2020,0,0,0,0,Western Pacific
Australian Capital Territory,Australia,-35.4735,149.0124,19-02-2020,0,0,0,0,Western Pacific
New South Wales,Australia,-33.8688,151.2093,19-02-2020,4,0,4,0,Western Pacific
Northern Territory,Australia,-12.4634,130.8456,19-02-2020,0,0,0,0,Western Pacific
Queensland,Australia,-28.0167,153.4,19-02-2020,5,0,0,5,Western Pacific
South Australia,Australia,-34.9285,138.6007,19-02-2020,2,0,2,0,Western Pacific
Tasmania,Australia,-41.4545,145.9707,19-02-2020,0,0,0,0,Western Pacific
Victoria,Australia,-37.8136,144.9631,19-02-2020,4,0,4,0,Western Pacific
Western Australia,Australia,-31.9505,115.8605,19-02-2020,0,0,0,0,Western Pacific
Australian Capital Territory,Australia,-35.4735,149.0124,20-02-2020,0,0,0,0,Western Pacific
New South Wales,Australia,-33.8688,151.2093,20-02-2020,4,0,4,0,Western Pacific
Northern Territory,Australia,-12.4634,130.8456,20-02-2020,0,0,0,0,Western Pacific
Queensland,Australia,-28.0167,153.4,20-02-2020,5,0,0,5,Western Pacific
South Australia,Australia,-34.9285,138.6007,20-02-2020,2,0,2,0,Western Pacific
Tasmania,Australia,-41.4545,145.9707,20-02-2020,0,0,0,0,Western Pacific
Victoria,Australia,-37.8136,144.9631,20-02-2020,4,0,4,0,Western Pacific
Western Australia,Australia,-31.9505,115.8605,20-02-2020,0,0,0,0,Western Pacific
Australian Capital Territory,Australia,-35.4735,149.0124,21-02-2020,0,0,0,0,Western Pacific
New South Wales,Australia,-33.8688,151.2093,21-02-2020,4,0,4,0,Western Pacific
Northern Territory,Australia,-12.4634,130.8456,21-02-2020,0,0,0,0,Western Pacific
Queensland,Australia,-28.0167,153.4,21-02-2020,5,0,1,4,Western Pacific
South Australia,Australia,-34.9285,138.6007,21-02-2020,2,0,2,0,Western Pacific
Tasmania,Australia,-41.4545,145.9707,21-02-2020,0,0,0,0,Western Pacific
Victoria,Australia,-37.8136,144.9631,21-02-2020,4,0,4,0,Western Pacific
Western Australia,Australia,-31.9505,115.8605,21-02-2020,0,0,0,0,Western Pacific
Australian Capital Territory,Australia,-35.4735,149.0124,22-02-2020,0,0,0,0,Western Pacific
New South Wales,Australia,-33.8688,151.2093,22-02-2020,4,0,4,0,Western Pacific
Northern Territory,Australia,-12.4634,130.8456,22-02-2020,0,0,0,0,Western Pacific
Queensland,Australia,-28.0167,153.4,22-02-2020,5,0,1,4,Western Pacific
South Australia,Australia,-34.9285,138.6007,22-02-2020,2,0,2,0,Western Pacific
Tasmania,Australia,-41.4545,145.9707,22-02-2020,0,0,0,0,Western Pacific
Victoria,Australia,-37.8136,144.9631,22-02-2020,4,0,4,0,Western Pacific
Western Australia,Australia,-31.9505,115.8605,22-02-2020,0,0,0,0,Western Pacific
Australian Capital Territory,Australia,-35.4735,149.0124,23-02-2020,0,0,0,0,Western Pacific
New South Wales,Australia,-33.8688,151.2093,23-02-2020,4,0,4,0,Western Pacific
Northern Territory,Australia,-12.4634,130.8456,23-02-2020,0,0,0,0,Western Pacific
Queensland,Australia,-28.0167,153.4,23-02-2020,5,0,1,4,Western Pacific
South Australia,Australia,-34.9285,138.6007,23-02-2020,2,0,2,0,Western Pacific
Tasmania,Australia,-41.4545,145.9707,23-02-2020,0,0,0,0,Western Pacific
Victoria,Australia,-37.8136,144.9631,23-02-2020,4,0,4,0,Western Pacific
Western Australia,Australia,-31.9505,115.8605,23-02-2020,0,0,0,0,Western Pacific
Australian Capital Territory,Australia,-35.4735,149.0124,24-02-2020,0,0,0,0,Western Pacific
New South Wales,Australia,-33.8688,151.2093,24-02-2020,4,0,4,0,Western Pacific
Northern Territory,Australia,-12.4634,130.8456,24-02-2020,0,0,0,0,Western Pacific
Queensland,Australia,-28.0167,153.4,24-02-2020,5,0,1,4,Western Pacific
South Australia,Australia,-34.9285,138.6007,24-02-2020,2,0,2,0,Western Pacific
Tasmania,Australia,-41.4545,145.9707,24-02-2020,0,0,0,0,Western Pacific
Victoria,Australia,-37.8136,144.9631,24-02-2020,4,0,4,0,Western Pacific
Western Australia,Australia,-31.9505,115.8605,24-02-2020,0,0,0,0,Western Pacific
Australian Capital Territory,Australia,-35.4735,149.0124,25-02-2020,0,0,0,0,Western Pacific
New South Wales,Australia,-33.8688,151.2093,25-02-2020,4,0,4,0,Western Pacific
Northern Territory,Australia,-12.4634,130.8456,25-02-2020,0,0,0,0,Western Pacific
Queensland,Australia,-28.0167,153.4,25-02-2020,5,0,1,4,Western Pacific
South Australia,Australia,-34.9285,138.6007,25-02-2020,2,0,2,0,Western Pacific
Tasmania,Australia,-41.4545,145.9707,25-02-2020,0,0,0,0,Western Pacific
Victoria,Australia,-37.8136,144.9631,25-02-2020,4,0,4,0,Western Pacific
Western Australia,Australia,-31.9505,115.8605,25-02-2020,0,0,0,0,Western Pacific
Australian Capital Territory,Australia,-35.4735,149.0124,26-02-2020,0,0,0,0,Western Pacific
New South Wales,Australia,-33.8688,151.2093,26-02-2020,4,0,4,0,Western Pacific
Northern Territory,Australia,-12.4634,130.8456,26-02-2020,0,0,0,0,Western Pacific
Queensland,Australia,-28.0167,153.4,26-02-2020,5,0,1,4,Western Pacific
South Australia,Australia,-34.9285,138.6007,26-02-2020,2,0,2,0,Western Pacific
Tasmania,Australia,-41.4545,145.9707,26-02-2020,0,0,0,0,Western Pacific
Victoria,Australia,-37.8136,144.9631,26-02-2020,4,0,4,0,Western Pacific
Western Australia,Australia,-31.9505,115.8605,26-02-2020,0,0,0,0,Western Pacific
Australian Capital Territory,Australia,-35.4735,149.0124,27-02-2020,0,0,0,0,Western Pacific
New South Wales,Australia,-33.8688,151.2093,27-02-2020,4,0,4,0,Western Pacific
Northern Territory,Australia,-12.4634,130.8456,27-02-2020,0,0,0,0,Western Pacific
Queensland,Australia,-28.0167,153.4,27-02-2020,5,0,1,4,Western Pacific
South Australia,Australia,-34.9285,138.6007,27-02-2020,2,0,2,0,Western Pacific
Tasmania,Australia,-41.4545,145.9707,27-02-2020,0,0,0,0,Western Pacific
Victoria,Australia,-37.8136,144.9631,27-02-2020,4,0,4,0,Western Pacific
Western Australia,Australia,-31.9505,115.8605,27-02-2020,0,0,0,0,Western Pacific
Australian Capital Territory,Australia,-35.4735,149.0124,28-02-2020,0,0,0,0,Western Pacific
New South Wales,Australia,-33.8688,151.2093,28-02-2020,4,0,4,0,Western Pacific
Northern Territory,Australia,-12.4634,130.8456,28-02-2020,0,0,0,0,Western Pacific
Queensland,Australia,-28.0167,153.4,28-02-2020,5,0,1,4,Western Pacific
South Australia,Australia,-34.9285,138.6007,28-02-2020,2,0,2,0,Western Pacific
Tasmania,Australia,-41.4545,145.9707,28-02-2020,0,0,0,0,Western Pacific
Victoria,Australia,-37.8136,144.9631,28-02-2020,4,0,4,0,Western Pacific
Western Australia,Australia,-31.9505,115.8605,28-02-2020,0,0,0,0,Western Pacific
Australian Capital Territory,Australia,-35.4735,149.0124,29-02-2020,0,0,0,0,Western Pacific
New South Wales,Australia,-33.8688,151.2093,29-02-2020,4,0,4,0,Western Pacific
Northern Territory,Australia,-12.4634,130.8456,29-02-2020,0,0,0,0,Western Pacific
Queensland,Australia,-28.0167,153.4,29-02-2020,9,0,1,8,Western Pacific
South Australia,Australia,-34.9285,138.6007,29-02-2020,3,0,2,1,Western Pacific
Tasmania,Australia,-41.4545,145.9707,29-02-2020,0,0,0,0,Western Pacific
Victoria,Australia,-37.8136,144.9631,29-02-2020,7,0,4,3,Western Pacific
Western Australia,Australia,-31.9505,115.8605,29-02-2020,2,0,0,2,Western Pacific
Australian Capital Territory,Australia,-35.4735,149.0124,01-03-2020,0,0,0,0,Western Pacific
New South Wales,Australia,-33.8688,151.2093,01-03-2020,6,0,4,2,Western Pacific
Northern Territory,Australia,-12.4634,130.8456,01-03-2020,0,0,0,0,Western Pacific
Queensland,Australia,-28.0167,153.4,01-03-2020,9,0,1,8,Western Pacific
South Australia,Australia,-34.9285,138.6007,01-03-2020,3,0,2,1,Western Pacific
Tasmania,Australia,-41.4545,145.9707,01-03-2020,0,0,0,0,Western Pacific
Victoria,Australia,-37.8136,144.9631,01-03-2020,7,0,4,3,Western Pacific
Western Australia,Australia,-31.9505,115.8605,01-03-2020,2,1,0,1,Western Pacific
Australian Capital Territory,Australia,-35.4735,149.0124,02-03-2020,0,0,0,0,Western Pacific
New South Wales,Australia,-33.8688,151.2093,02-03-2020,6,0,4,2,Western Pacific
Northern Territory,Australia,-12.4634,130.8456,02-03-2020,0,0,0,0,Western Pacific
Queensland,Australia,-28.0167,153.4,02-03-2020,9,0,1,8,Western Pacific
South Australia,Australia,-34.9285,138.6007,02-03-2020,3,0,2,1,Western Pacific
Tasmania,Australia,-41.4545,145.9707,02-03-2020,1,0,0,1,Western Pacific
Victoria,Australia,-37.8136,144.9631,02-03-2020,9,0,4,5,Western Pacific
Western Australia,Australia,-31.9505,115.8605,02-03-2020,2,1,0,1,Western Pacific
Australian Capital Territory,Australia,-35.4735,149.0124,03-03-2020,0,0,0,0,Western Pacific
New South Wales,Australia,-33.8688,151.2093,03-03-2020,13,0,4,9,Western Pacific
Northern Territory,Australia,-12.4634,130.8456,03-03-2020,0,0,0,0,Western Pacific
Queensland,Australia,-28.0167,153.4,03-03-2020,11,0,1,10,Western Pacific
South Australia,Australia,-34.9285,138.6007,03-03-2020,3,0,2,1,Western Pacific
Tasmania,Australia,-41.4545,145.9707,03-03-2020,1,0,0,1,Western Pacific
Victoria,Australia,-37.8136,144.9631,03-03-2020,9,0,4,5,Western Pacific
Western Australia,Australia,-31.9505,115.8605,03-03-2020,2,1,0,1,Western Pacific
Australian Capital Territory,Australia,-35.4735,149.0124,04-03-2020,0,0,0,0,Western Pacific
New South Wales,Australia,-33.8688,151.2093,04-03-2020,22,1,4,17,Western Pacific
Northern Territory,Australia,-12.4634,130.8456,04-03-2020,1,0,0,1,Western Pacific
Queensland,Australia,-28.0167,153.4,04-03-2020,11,0,1,10,Western Pacific
South Australia,Australia,-34.9285,138.6007,04-03-2020,5,0,2,3,Western Pacific
Tasmania,Australia,-41.4545,145.9707,04-03-2020,1,0,0,1,Western Pacific
Victoria,Australia,-37.8136,144.9631,04-03-2020,10,0,4,6,Western Pacific
Western Australia,Australia,-31.9505,115.8605,04-03-2020,2,1,0,1,Western Pacific
Australian Capital Territory,Australia,-35.4735,149.0124,05-03-2020,0,0,0,0,Western Pacific
New South Wales,Australia,-33.8688,151.2093,05-03-2020,22,1,4,17,Western Pacific
Northern Territory,Australia,-12.4634,130.8456,05-03-2020,1,0,0,1,Western Pacific
Queensland,Australia,-28.0167,153.4,05-03-2020,13,0,8,5,Western Pacific
South Australia,Australia,-34.9285,138.6007,05-03-2020,5,0,2,3,Western Pacific
Tasmania,Australia,-41.4545,145.9707,05-03-2020,1,0,0,1,Western Pacific
Victoria,Australia,-37.8136,144.9631,05-03-2020,10,0,7,3,Western Pacific
Western Australia,Australia,-31.9505,115.8605,05-03-2020,3,1,0,2,Western Pacific
Australian Capital Territory,Australia,-35.4735,149.0124,06-03-2020,0,0,0,0,Western Pacific
New South Wales,Australia,-33.8688,151.2093,06-03-2020,26,1,4,21,Western Pacific
Northern Territory,Australia,-12.4634,130.8456,06-03-2020,0,0,0,0,Western Pacific
Queensland,Australia,-28.0167,153.4,06-03-2020,13,0,8,5,Western Pacific
South Australia,Australia,-34.9285,138.6007,06-03-2020,7,0,2,5,Western Pacific
Tasmania,Australia,-41.4545,145.9707,06-03-2020,1,0,0,1,Western Pacific
Victoria,Australia,-37.8136,144.9631,06-03-2020,10,0,7,3,Western Pacific
Western Australia,Australia,-31.9505,115.8605,06-03-2020,3,1,0,2,Western Pacific
Australian Capital Territory,Australia,-35.4735,149.0124,07-03-2020,0,0,0,0,Western Pacific
New South Wales,Australia,-33.8688,151.2093,07-03-2020,28,1,4,23,Western Pacific
Northern Territory,Australia,-12.4634,130.8456,07-03-2020,0,0,0,0,Western Pacific
Queensland,Australia,-28.0167,153.4,07-03-2020,13,0,8,5,Western Pacific
South Australia,Australia,-34.9285,138.6007,07-03-2020,7,0,2,5,Western Pacific
Tasmania,Australia,-41.4545,145.9707,07-03-2020,1,0,0,1,Western Pacific
Victoria,Australia,-37.8136,144.9631,07-03-2020,11,0,7,4,Western Pacific
Western Australia,Australia,-31.9505,115.8605,07-03-2020,3,1,0,2,Western Pacific
Australian Capital Territory,Australia,-35.4735,149.0124,08-03-2020,0,0,0,0,Western Pacific
New South Wales,Australia,-33.8688,151.2093,08-03-2020,38,2,4,32,Western Pacific
Northern Territory,Australia,-12.4634,130.8456,08-03-2020,0,0,0,0,Western Pacific
Queensland,Australia,-28.0167,153.4,08-03-2020,15,0,8,7,Western Pacific
South Australia,Australia,-34.9285,138.6007,08-03-2020,7,0,2,5,Western Pacific
Tasmania,Australia,-41.4545,145.9707,08-03-2020,2,0,0,2,Western Pacific
Victoria,Australia,-37.8136,144.9631,08-03-2020,11,0,7,4,Western Pacific
Western Australia,Australia,-31.9505,115.8605,08-03-2020,3,1,0,2,Western Pacific
Australian Capital Territory,Australia,-35.4735,149.0124,09-03-2020,0,0,0,0,Western Pacific
New South Wales,Australia,-33.8688,151.2093,09-03-2020,48,2,4,42,Western Pacific
Northern Territory,Australia,-12.4634,130.8456,09-03-2020,0,0,0,0,Western Pacific
Queensland,Australia,-28.0167,153.4,09-03-2020,15,0,8,7,Western Pacific
South Australia,Australia,-34.9285,138.6007,09-03-2020,7,0,2,5,Western Pacific
Tasmania,Australia,-41.4545,145.9707,09-03-2020,2,0,0,2,Western Pacific
Victoria,Australia,-37.8136,144.9631,09-03-2020,15,0,7,8,Western Pacific
Western Australia,Australia,-31.9505,115.8605,09-03-2020,4,1,0,3,Western Pacific
Australian Capital Territory,Australia,-35.4735,149.0124,10-03-2020,0,0,0,0,Western Pacific
New South Wales,Australia,-33.8688,151.2093,10-03-2020,55,2,4,49,Western Pacific
Northern Territory,Australia,-12.4634,130.8456,10-03-2020,1,0,0,1,Western Pacific
Queensland,Australia,-28.0167,153.4,10-03-2020,18,0,8,10,Western Pacific
South Australia,Australia,-34.9285,138.6007,10-03-2020,7,0,2,5,Western Pacific
Tasmania,Australia,-41.4545,145.9707,10-03-2020,2,0,0,2,Western Pacific
Victoria,Australia,-37.8136,144.9631,10-03-2020,18,0,7,11,Western Pacific
Western Australia,Australia,-31.9505,115.8605,10-03-2020,6,1,0,5,Western Pacific
Australian Capital Territory,Australia,-35.4735,149.0124,11-03-2020,0,0,0,0,Western Pacific
New South Wales,Australia,-33.8688,151.2093,11-03-2020,65,2,4,59,Western Pacific
Northern Territory,Australia,-12.4634,130.8456,11-03-2020,1,0,0,1,Western Pacific
Queensland,Australia,-28.0167,153.4,11-03-2020,20,0,8,12,Western Pacific
South Australia,Australia,-34.9285,138.6007,11-03-2020,9,0,2,7,Western Pacific
Tasmania,Australia,-41.4545,145.9707,11-03-2020,3,0,0,3,Western Pacific
Victoria,Australia,-37.8136,144.9631,11-03-2020,21,0,7,14,Western Pacific
Western Australia,Australia,-31.9505,115.8605,11-03-2020,9,1,0,8,Western Pacific
Australian Capital Territory,Australia,-35.4735,149.0124,12-03-2020,0,0,0,0,Western Pacific
New South Wales,Australia,-33.8688,151.2093,12-03-2020,65,2,4,59,Western Pacific
Northern Territory,Australia,-12.4634,130.8456,12-03-2020,1,0,0,1,Western Pacific
Queensland,Australia,-28.0167,153.4,12-03-2020,20,0,8,12,Western Pacific
South Australia,Australia,-34.9285,138.6007,12-03-2020,9,0,2,7,Western Pacific
Tasmania,Australia,-41.4545,145.9707,12-03-2020,3,0,0,3,Western Pacific
Victoria,Australia,-37.8136,144.9631,12-03-2020,21,0,7,14,Western Pacific
Western Australia,Australia,-31.9505,115.8605,12-03-2020,9,1,0,8,Western Pacific
Australian Capital Territory,Australia,-35.4735,149.0124,13-03-2020,1,0,0,1,Western Pacific
New South Wales,Australia,-33.8688,151.2093,13-03-2020,92,2,4,86,Western Pacific
Northern Territory,Australia,-12.4634,130.8456,13-03-2020,1,0,0,1,Western Pacific
Queensland,Australia,-28.0167,153.4,13-03-2020,35,0,8,27,Western Pacific
South Australia,Australia,-34.9285,138.6007,13-03-2020,16,0,3,13,Western Pacific
Tasmania,Australia,-41.4545,145.9707,13-03-2020,5,0,0,5,Western Pacific
Victoria,Australia,-37.8136,144.9631,13-03-2020,36,0,8,28,Western Pacific
Western Australia,Australia,-31.9505,115.8605,13-03-2020,14,1,0,13,Western Pacific
Australian Capital Territory,Australia,-35.4735,149.0124,14-03-2020,1,0,0,1,Western Pacific
New South Wales,Australia,-33.8688,151.2093,14-03-2020,112,2,4,106,Western Pacific
Northern Territory,Australia,-12.4634,130.8456,14-03-2020,1,0,0,1,Western Pacific
Queensland,Australia,-28.0167,153.4,14-03-2020,46,0,8,38,Western Pacific
South Australia,Australia,-34.9285,138.6007,14-03-2020,19,0,3,16,Western Pacific
Tasmania,Australia,-41.4545,145.9707,14-03-2020,5,0,0,5,Western Pacific
Victoria,Australia,-37.8136,144.9631,14-03-2020,49,0,8,41,Western Pacific
Western Australia,Australia,-31.9505,115.8605,14-03-2020,17,1,0,16,Western Pacific
Australian Capital Territory,Australia,-35.4735,149.0124,15-03-2020,1,0,0,1,Western Pacific
New South Wales,Australia,-33.8688,151.2093,15-03-2020,134,2,4,128,Western Pacific
Northern Territory,Australia,-12.4634,130.8456,15-03-2020,1,0,0,1,Western Pacific
Queensland,Australia,-28.0167,153.4,15-03-2020,61,0,8,53,Western Pacific
South Australia,Australia,-34.9285,138.6007,15-03-2020,20,0,3,17,Western Pacific
Tasmania,Australia,-41.4545,145.9707,15-03-2020,6,0,0,6,Western Pacific
Victoria,Australia,-37.8136,144.9631,15-03-2020,57,0,8,49,Western Pacific
Western Australia,Australia,-31.9505,115.8605,15-03-2020,17,1,0,16,Western Pacific
Australian Capital Territory,Australia,-35.4735,149.0124,16-03-2020,2,0,0,2,Western Pacific
New South Wales,Australia,-33.8688,151.2093,16-03-2020,171,2,4,165,Western Pacific
Northern Territory,Australia,-12.4634,130.8456,16-03-2020,1,0,0,1,Western Pacific
Queensland,Australia,-28.0167,153.4,16-03-2020,68,0,8,60,Western Pacific
South Australia,Australia,-34.9285,138.6007,16-03-2020,29,0,3,26,Western Pacific
Tasmania,Australia,-41.4545,145.9707,16-03-2020,7,0,0,7,Western Pacific
Victoria,Australia,-37.8136,144.9631,16-03-2020,71,0,8,63,Western Pacific
Western Australia,Australia,-31.9505,115.8605,16-03-2020,28,1,0,27,Western Pacific
Australian Capital Territory,Australia,-35.4735,149.0124,17-03-2020,2,0,0,2,Western Pacific
New South Wales,Australia,-33.8688,151.2093,17-03-2020,210,4,4,202,Western Pacific
Northern Territory,Australia,-12.4634,130.8456,17-03-2020,1,0,0,1,Western Pacific
Queensland,Australia,-28.0167,153.4,17-03-2020,78,0,8,70,Western Pacific
South Australia,Australia,-34.9285,138.6007,17-03-2020,29,0,3,26,Western Pacific
Tasmania,Australia,-41.4545,145.9707,17-03-2020,7,0,0,7,Western Pacific
Victoria,Australia,-37.8136,144.9631,17-03-2020,94,0,8,86,Western Pacific
Western Australia,Australia,-31.9505,115.8605,17-03-2020,31,1,0,30,Western Pacific
Australian Capital Territory,Australia,-35.4735,149.0124,18-03-2020,3,0,0,3,Western Pacific
New South Wales,Australia,-33.8688,151.2093,18-03-2020,267,5,4,258,Western Pacific
Northern Territory,Australia,-12.4634,130.8456,18-03-2020,1,0,0,1,Western Pacific
Queensland,Australia,-28.0167,153.4,18-03-2020,94,0,8,86,Western Pacific
South Australia,Australia,-34.9285,138.6007,18-03-2020,37,0,3,34,Western Pacific
Tasmania,Australia,-41.4545,145.9707,18-03-2020,10,0,0,10,Western Pacific
Victoria,Australia,-37.8136,144.9631,18-03-2020,121,0,8,113,Western Pacific
Western Australia,Australia,-31.9505,115.8605,18-03-2020,35,1,0,34,Western Pacific
Australian Capital Territory,Australia,-35.4735,149.0124,19-03-2020,4,0,0,4,Western Pacific
New South Wales,Australia,-33.8688,151.2093,19-03-2020,307,5,4,298,Western Pacific
Northern Territory,Australia,-12.4634,130.8456,19-03-2020,1,0,0,1,Western Pacific
Queensland,Australia,-28.0167,153.4,19-03-2020,144,0,8,136,Western Pacific
South Australia,Australia,-34.9285,138.6007,19-03-2020,42,0,3,39,Western Pacific
Tasmania,Australia,-41.4545,145.9707,19-03-2020,10,0,3,7,Western Pacific
Victoria,Australia,-37.8136,144.9631,19-03-2020,121,0,8,113,Western Pacific
Western Australia,Australia,-31.9505,115.8605,19-03-2020,52,1,0,51,Western Pacific
Australian Capital Territory,Australia,-35.4735,149.0124,20-03-2020,6,0,0,6,Western Pacific
New South Wales,Australia,-33.8688,151.2093,20-03-2020,353,6,4,343,Western Pacific
Northern Territory,Australia,-12.4634,130.8456,20-03-2020,3,0,0,3,Western Pacific
Queensland,Australia,-28.0167,153.4,20-03-2020,184,0,8,176,Western Pacific
South Australia,Australia,-34.9285,138.6007,20-03-2020,50,0,3,47,Western Pacific
Tasmania,Australia,-41.4545,145.9707,20-03-2020,10,0,3,7,Western Pacific
Victoria,Australia,-37.8136,144.9631,20-03-2020,121,0,8,113,Western Pacific
Western Australia,Australia,-31.9505,115.8605,20-03-2020,64,1,0,63,Western Pacific
Australian Capital Territory,Australia,-35.4735,149.0124,21-03-2020,9,0,0,9,Western Pacific
New South Wales,Australia,-33.8688,151.2093,21-03-2020,436,6,4,426,Western Pacific
Northern Territory,Australia,-12.4634,130.8456,21-03-2020,3,0,0,3,Western Pacific
Queensland,Australia,-28.0167,153.4,21-03-2020,221,0,8,213,Western Pacific
South Australia,Australia,-34.9285,138.6007,21-03-2020,67,0,3,64,Western Pacific
Tasmania,Australia,-41.4545,145.9707,21-03-2020,16,0,3,13,Western Pacific
Victoria,Australia,-37.8136,144.9631,21-03-2020,229,0,8,221,Western Pacific
Western Australia,Australia,-31.9505,115.8605,21-03-2020,90,1,0,89,Western Pacific
Australian Capital Territory,Australia,-35.4735,149.0124,22-03-2020,19,0,0,19,Western Pacific
New South Wales,Australia,-33.8688,151.2093,22-03-2020,669,6,4,659,Western Pacific
Northern Territory,Australia,-12.4634,130.8456,22-03-2020,5,0,0,5,Western Pacific
Queensland,Australia,-28.0167,153.4,22-03-2020,259,0,8,251,Western Pacific
South Australia,Australia,-34.9285,138.6007,22-03-2020,100,0,3,97,Western Pacific
Tasmania,Australia,-41.4545,145.9707,22-03-2020,22,0,3,19,Western Pacific
Victoria,Australia,-37.8136,144.9631,22-03-2020,355,0,70,285,Western Pacific
Western Australia,Australia,-31.9505,115.8605,22-03-2020,120,1,0,119,Western Pacific
Australian Capital Territory,Australia,-35.4735,149.0124,23-03-2020,32,0,0,32,Western Pacific
New South Wales,Australia,-33.8688,151.2093,23-03-2020,669,6,4,659,Western Pacific
Northern Territory,Australia,-12.4634,130.8456,23-03-2020,5,0,0,5,Western Pacific
Queensland,Australia,-28.0167,153.4,23-03-2020,319,0,8,311,Western Pacific
South Australia,Australia,-34.9285,138.6007,23-03-2020,134,0,3,131,Western Pacific
Tasmania,Australia,-41.4545,145.9707,23-03-2020,28,0,3,25,Western Pacific
Victoria,Australia,-37.8136,144.9631,23-03-2020,355,0,70,285,Western Pacific
Western Australia,Australia,-31.9505,115.8605,23-03-2020,140,1,0,139,Western Pacific
Australian Capital Territory,Australia,-35.4735,149.0124,24-03-2020,39,0,0,39,Western Pacific
New South Wales,Australia,-33.8688,151.2093,24-03-2020,818,7,4,807,Western Pacific
Northern Territory,Australia,-12.4634,130.8456,24-03-2020,6,0,0,6,Western Pacific
Queensland,Australia,-28.0167,153.4,24-03-2020,397,0,8,389,Western Pacific
South Australia,Australia,-34.9285,138.6007,24-03-2020,170,0,3,167,Western Pacific
Tasmania,Australia,-41.4545,145.9707,24-03-2020,28,0,3,25,Western Pacific
Victoria,Australia,-37.8136,144.9631,24-03-2020,411,0,97,314,Western Pacific
Western Australia,Australia,-31.9505,115.8605,24-03-2020,175,1,0,174,Western Pacific
Australian Capital Territory,Australia,-35.4735,149.0124,25-03-2020,39,0,0,39,Western Pacific
New South Wales,Australia,-33.8688,151.2093,25-03-2020,1029,7,4,1018,Western Pacific
Northern Territory,Australia,-12.4634,130.8456,25-03-2020,6,0,0,6,Western Pacific
Queensland,Australia,-28.0167,153.4,25-03-2020,443,0,8,435,Western Pacific
South Australia,Australia,-34.9285,138.6007,25-03-2020,170,0,6,164,Western Pacific
Tasmania,Australia,-41.4545,145.9707,25-03-2020,36,0,3,33,Western Pacific
Victoria,Australia,-37.8136,144.9631,25-03-2020,466,0,97,369,Western Pacific
Western Australia,Australia,-31.9505,115.8605,25-03-2020,175,1,1,173,Western Pacific
Australian Capital Territory,Australia,-35.4735,149.0124,26-03-2020,53,0,1,52,Western Pacific
New South Wales,Australia,-33.8688,151.2093,26-03-2020,1219,7,4,1208,Western Pacific
Northern Territory,Australia,-12.4634,130.8456,26-03-2020,12,0,0,12,Western Pacific
Queensland,Australia,-28.0167,153.4,26-03-2020,493,1,8,484,Western Pacific
South Australia,Australia,-34.9285,138.6007,26-03-2020,235,0,6,229,Western Pacific
Tasmania,Australia,-41.4545,145.9707,26-03-2020,47,0,3,44,Western Pacific
Victoria,Australia,-37.8136,144.9631,26-03-2020,520,3,149,368,Western Pacific
Western Australia,Australia,-31.9505,115.8605,26-03-2020,231,2,1,228,Western Pacific
Australian Capital Territory,Australia,-35.4735,149.0124,27-03-2020,62,0,1,61,Western Pacific
New South Wales,Australia,-33.8688,151.2093,27-03-2020,1405,7,4,1394,Western Pacific
Northern Territory,Australia,-12.4634,130.8456,27-03-2020,12,0,0,12,Western Pacific
Queensland,Australia,-28.0167,153.4,27-03-2020,555,1,8,546,Western Pacific
South Australia,Australia,-34.9285,138.6007,27-03-2020,257,0,6,251,Western Pacific
Tasmania,Australia,-41.4545,145.9707,27-03-2020,47,0,3,44,Western Pacific
Victoria,Australia,-37.8136,144.9631,27-03-2020,574,3,171,400,Western Pacific
Western Australia,Australia,-31.9505,115.8605,27-03-2020,231,2,1,228,Western Pacific
Australian Capital Territory,Australia,-35.4735,149.0124,28-03-2020,71,0,2,69,Western Pacific
New South Wales,Australia,-33.8688,151.2093,28-03-2020,1617,8,4,1605,Western Pacific
Northern Territory,Australia,-12.4634,130.8456,28-03-2020,15,0,0,15,Western Pacific
Queensland,Australia,-28.0167,153.4,28-03-2020,625,1,8,616,Western Pacific
South Australia,Australia,-34.9285,138.6007,28-03-2020,287,0,6,281,Western Pacific
Tasmania,Australia,-41.4545,145.9707,28-03-2020,62,0,5,57,Western Pacific
Victoria,Australia,-37.8136,144.9631,28-03-2020,685,3,191,491,Western Pacific
Western Australia,Australia,-31.9505,115.8605,28-03-2020,278,2,28,248,Western Pacific
Australian Capital Territory,Australia,-35.4735,149.0124,29-03-2020,77,0,2,75,Western Pacific
New South Wales,Australia,-33.8688,151.2093,29-03-2020,1791,8,4,1779,Western Pacific
Northern Territory,Australia,-12.4634,130.8456,29-03-2020,15,0,0,15,Western Pacific
Queensland,Australia,-28.0167,153.4,29-03-2020,656,2,8,646,Western Pacific
South Australia,Australia,-34.9285,138.6007,29-03-2020,299,0,6,293,Western Pacific
Tasmania,Australia,-41.4545,145.9707,29-03-2020,66,0,5,61,Western Pacific
Victoria,Australia,-37.8136,144.9631,29-03-2020,769,4,191,574,Western Pacific
Western Australia,Australia,-31.9505,115.8605,29-03-2020,311,2,28,281,Western Pacific
Australian Capital Territory,Australia,-35.4735,149.0124,30-03-2020,78,1,2,75,Western Pacific
New South Wales,Australia,-33.8688,151.2093,30-03-2020,2032,8,4,2020,Western Pacific
Northern Territory,Australia,-12.4634,130.8456,30-03-2020,15,0,0,15,Western Pacific
Queensland,Australia,-28.0167,153.4,30-03-2020,689,2,8,679,Western Pacific
South Australia,Australia,-34.9285,138.6007,30-03-2020,305,0,6,299,Western Pacific
Tasmania,Australia,-41.4545,145.9707,30-03-2020,66,0,5,61,Western Pacific
Victoria,Australia,-37.8136,144.9631,30-03-2020,821,4,191,626,Western Pacific
Western Australia,Australia,-31.9505,115.8605,30-03-2020,355,2,41,312,Western Pacific
Australian Capital Territory,Australia,-35.4735,149.0124,31-03-2020,80,1,3,76,Western Pacific
New South Wales,Australia,-33.8688,151.2093,31-03-2020,2032,8,4,2020,Western Pacific
Northern Territory,Australia,-12.4634,130.8456,31-03-2020,17,0,0,17,Western Pacific
Queensland,Australia,-28.0167,153.4,31-03-2020,743,2,8,733,Western Pacific
South Australia,Australia,-34.9285,138.6007,31-03-2020,337,0,6,331,Western Pacific
Tasmania,Australia,-41.4545,145.9707,31-03-2020,69,1,5,63,Western Pacific
Victoria,Australia,-37.8136,144.9631,31-03-2020,917,4,291,622,Western Pacific
Western Australia,Australia,-31.9505,115.8605,31-03-2020,364,2,41,321,Western Pacific
Australian Capital Territory,Australia,-35.4735,149.0124,01-04-2020,84,1,8,75,Western Pacific
New South Wales,Australia,-33.8688,151.2093,01-04-2020,2182,9,4,2169,Western Pacific
Northern Territory,Australia,-12.4634,130.8456,01-04-2020,19,0,0,19,Western Pacific
Queensland,Australia,-28.0167,153.4,01-04-2020,781,2,8,771,Western Pacific
South Australia,Australia,-34.9285,138.6007,01-04-2020,367,0,6,361,Western Pacific
Tasmania,Australia,-41.4545,145.9707,01-04-2020,69,2,5,62,Western Pacific
Victoria,Australia,-37.8136,144.9631,01-04-2020,968,4,343,621,Western Pacific
Western Australia,Australia,-31.9505,115.8605,01-04-2020,392,2,48,342,Western Pacific
Australian Capital Territory,Australia,-35.4735,149.0124,02-04-2020,87,1,11,75,Western Pacific
New South Wales,Australia,-33.8688,151.2093,02-04-2020,2298,10,4,2284,Western Pacific
Northern Territory,Australia,-12.4634,130.8456,02-04-2020,21,0,0,21,Western Pacific
Queensland,Australia,-28.0167,153.4,02-04-2020,835,4,8,823,Western Pacific
South Australia,Australia,-34.9285,138.6007,02-04-2020,367,0,6,361,Western Pacific
Tasmania,Australia,-41.4545,145.9707,02-04-2020,72,2,5,65,Western Pacific
Victoria,Australia,-37.8136,144.9631,02-04-2020,1036,5,422,609,Western Pacific
Western Australia,Australia,-31.9505,115.8605,02-04-2020,400,2,64,334,Western Pacific
Australian Capital Territory,Australia,-35.4735,149.0124,03-04-2020,91,1,18,72,Western Pacific
New South Wales,Australia,-33.8688,151.2093,03-04-2020,2389,12,4,2373,Western Pacific
Northern Territory,Australia,-12.4634,130.8456,03-04-2020,22,0,0,22,Western Pacific
Queensland,Australia,-28.0167,153.4,03-04-2020,873,4,8,861,Western Pacific
South Australia,Australia,-34.9285,138.6007,03-04-2020,396,0,46,350,Western Pacific
Tasmania,Australia,-41.4545,145.9707,03-04-2020,74,2,5,67,Western Pacific
Victoria,Australia,-37.8136,144.9631,03-04-2020,1085,7,476,602,Western Pacific
Western Australia,Australia,-31.9505,115.8605,03-04-2020,400,2,92,306,Western Pacific
Australian Capital Territory,Australia,-35.4735,149.0124,04-04-2020,93,2,18,73,Western Pacific
New South Wales,Australia,-33.8688,151.2093,04-04-2020,2493,12,4,2477,Western Pacific
Northern Territory,Australia,-12.4634,130.8456,04-04-2020,26,0,1,25,Western Pacific
Queensland,Australia,-28.0167,153.4,04-04-2020,900,4,8,888,Western Pacific
South Australia,Australia,-34.9285,138.6007,04-04-2020,407,0,46,361,Western Pacific
Tasmania,Australia,-41.4545,145.9707,04-04-2020,80,2,5,73,Western Pacific
Victoria,Australia,-37.8136,144.9631,04-04-2020,1115,8,527,580,Western Pacific
Western Australia,Australia,-31.9505,115.8605,04-04-2020,436,2,92,342,Western Pacific
Australian Capital Territory,Australia,-35.4735,149.0124,05-04-2020,96,2,28,66,Western Pacific
New South Wales,Australia,-33.8688,151.2093,05-04-2020,2580,16,4,2560,Western Pacific
Northern Territory,Australia,-12.4634,130.8456,05-04-2020,27,0,1,26,Western Pacific
Queensland,Australia,-28.0167,153.4,05-04-2020,907,4,8,895,Western Pacific
South Australia,Australia,-34.9285,138.6007,05-04-2020,407,0,46,361,Western Pacific
Tasmania,Australia,-41.4545,145.9707,05-04-2020,82,2,5,75,Western Pacific
Victoria,Australia,-37.8136,144.9631,05-04-2020,1135,8,573,554,Western Pacific
Western Australia,Australia,-31.9505,115.8605,05-04-2020,453,3,92,358,Western Pacific
Australian Capital Territory,Australia,-35.4735,149.0124,06-04-2020,96,2,40,54,Western Pacific
New South Wales,Australia,-33.8688,151.2093,06-04-2020,2637,18,4,2615,Western Pacific
Northern Territory,Australia,-12.4634,130.8456,06-04-2020,28,0,2,26,Western Pacific
Queensland,Australia,-28.0167,153.4,06-04-2020,921,4,173,744,Western Pacific
South Australia,Australia,-34.9285,138.6007,06-04-2020,411,0,53,358,Western Pacific
Tasmania,Australia,-41.4545,145.9707,06-04-2020,86,2,26,58,Western Pacific
Victoria,Australia,-37.8136,144.9631,06-04-2020,1158,10,620,528,Western Pacific
Western Australia,Australia,-31.9505,115.8605,06-04-2020,460,4,162,294,Western Pacific
Australian Capital Territory,Australia,-35.4735,149.0124,07-04-2020,96,2,40,54,Western Pacific
New South Wales,Australia,-33.8688,151.2093,07-04-2020,2686,21,4,2661,Western Pacific
Northern Territory,Australia,-12.4634,130.8456,07-04-2020,28,0,2,26,Western Pacific
Queensland,Australia,-28.0167,153.4,07-04-2020,934,4,173,757,Western Pacific
South Australia,Australia,-34.9285,138.6007,07-04-2020,411,1,53,357,Western Pacific
Tasmania,Australia,-41.4545,145.9707,07-04-2020,89,2,26,61,Western Pacific
Victoria,Australia,-37.8136,144.9631,07-04-2020,1191,11,620,560,Western Pacific
Western Australia,Australia,-31.9505,115.8605,07-04-2020,460,4,162,294,Western Pacific
Australian Capital Territory,Australia,-35.4735,149.0124,08-04-2020,99,2,40,57,Western Pacific
New South Wales,Australia,-33.8688,151.2093,08-04-2020,2734,21,4,2709,Western Pacific
Northern Territory,Australia,-12.4634,130.8456,08-04-2020,28,0,2,26,Western Pacific
Queensland,Australia,-28.0167,153.4,08-04-2020,943,4,173,766,Western Pacific
South Australia,Australia,-34.9285,138.6007,08-04-2020,415,2,53,360,Western Pacific
Tasmania,Australia,-41.4545,145.9707,08-04-2020,98,3,26,69,Western Pacific
Victoria,Australia,-37.8136,144.9631,08-04-2020,1212,12,620,580,Western Pacific
Western Australia,Australia,-31.9505,115.8605,08-04-2020,481,6,162,313,Western Pacific
Australian Capital Territory,Australia,-35.4735,149.0124,09-04-2020,100,2,47,51,Western Pacific
New South Wales,Australia,-33.8688,151.2093,09-04-2020,2773,21,4,2748,Western Pacific
Northern Territory,Australia,-12.4634,130.8456,09-04-2020,28,0,2,26,Western Pacific
Queensland,Australia,-28.0167,153.4,09-04-2020,953,4,345,604,Western Pacific
South Australia,Australia,-34.9285,138.6007,09-04-2020,420,3,120,297,Western Pacific
Tasmania,Australia,-41.4545,145.9707,09-04-2020,111,3,48,60,Western Pacific
Victoria,Australia,-37.8136,144.9631,09-04-2020,1228,12,736,480,Western Pacific
Western Australia,Australia,-31.9505,115.8605,09-04-2020,495,6,170,319,Western Pacific
Australian Capital Territory,Australia,-35.4735,149.0124,10-04-2020,103,2,59,42,Western Pacific
New South Wales,Australia,-33.8688,151.2093,10-04-2020,2822,22,4,2796,Western Pacific
Northern Territory,Australia,-12.4634,130.8456,10-04-2020,28,0,2,26,Western Pacific
Queensland,Australia,-28.0167,153.4,10-04-2020,965,4,372,589,Western Pacific
South Australia,Australia,-34.9285,138.6007,10-04-2020,428,3,179,246,Western Pacific
Tasmania,Australia,-41.4545,145.9707,10-04-2020,122,4,48,70,Western Pacific
Victoria,Australia,-37.8136,144.9631,10-04-2020,1241,13,926,302,Western Pacific
Western Australia,Australia,-31.9505,115.8605,10-04-2020,506,6,203,297,Western Pacific
Australian Capital Territory,Australia,-35.4735,149.0124,11-04-2020,103,2,59,42,Western Pacific
New South Wales,Australia,-33.8688,151.2093,11-04-2020,2857,23,4,2830,Western Pacific
Northern Territory,Australia,-12.4634,130.8456,11-04-2020,28,0,2,26,Western Pacific
Queensland,Australia,-28.0167,153.4,11-04-2020,974,5,372,597,Western Pacific
South Australia,Australia,-34.9285,138.6007,11-04-2020,429,3,179,247,Western Pacific
Tasmania,Australia,-41.4545,145.9707,11-04-2020,133,4,48,81,Western Pacific
Victoria,Australia,-37.8136,144.9631,11-04-2020,1265,14,926,325,Western Pacific
Western Australia,Australia,-31.9505,115.8605,11-04-2020,514,6,216,292,Western Pacific
Australian Capital Territory,Australia,-35.4735,149.0124,12-04-2020,103,2,59,42,Western Pacific
New South Wales,Australia,-33.8688,151.2093,12-04-2020,2857,24,4,2829,Western Pacific
Northern Territory,Australia,-12.4634,130.8456,12-04-2020,28,0,2,26,Western Pacific
Queensland,Australia,-28.0167,153.4,12-04-2020,983,5,372,606,Western Pacific
South Australia,Australia,-34.9285,138.6007,12-04-2020,429,4,179,246,Western Pacific
Tasmania,Australia,-41.4545,145.9707,12-04-2020,133,5,48,80,Western Pacific
Victoria,Australia,-37.8136,144.9631,12-04-2020,1268,14,926,328,Western Pacific
Western Australia,Australia,-31.9505,115.8605,12-04-2020,514,6,216,292,Western Pacific
Australian Capital Territory,Australia,-35.4735,149.0124,13-04-2020,102,2,59,41,Western Pacific
New South Wales,Australia,-33.8688,151.2093,13-04-2020,2863,25,4,2834,Western Pacific
Northern Territory,Australia,-12.4634,130.8456,13-04-2020,28,0,2,26,Western Pacific
Queensland,Australia,-28.0167,153.4,13-04-2020,987,5,372,610,Western Pacific
South Australia,Australia,-34.9285,138.6007,13-04-2020,429,4,179,246,Western Pacific
Tasmania,Australia,-41.4545,145.9707,13-04-2020,144,5,48,91,Western Pacific
Victoria,Australia,-37.8136,144.9631,13-04-2020,1281,14,926,341,Western Pacific
Western Australia,Australia,-31.9505,115.8605,13-04-2020,517,6,216,295,Western Pacific
Australian Capital Territory,Australia,-35.4735,149.0124,14-04-2020,103,2,72,29,Western Pacific
New South Wales,Australia,-33.8688,151.2093,14-04-2020,2870,25,4,2841,Western Pacific
Northern Territory,Australia,-12.4634,130.8456,14-04-2020,28,0,6,22,Western Pacific
Queensland,Australia,-28.0167,153.4,14-04-2020,998,5,442,551,Western Pacific
South Australia,Australia,-34.9285,138.6007,14-04-2020,433,4,240,189,Western Pacific
Tasmania,Australia,-41.4545,145.9707,14-04-2020,165,6,53,106,Western Pacific
Victoria,Australia,-37.8136,144.9631,14-04-2020,1291,14,1118,159,Western Pacific
Western Australia,Australia,-31.9505,115.8605,14-04-2020,527,6,251,270,Western Pacific
Australian Capital Territory,Australia,-35.4735,149.0124,15-04-2020,103,3,72,28,Western Pacific
New South Wales,Australia,-33.8688,151.2093,15-04-2020,2886,25,4,2857,Western Pacific
Northern Territory,Australia,-12.4634,130.8456,15-04-2020,28,0,6,22,Western Pacific
Queensland,Australia,-28.0167,153.4,15-04-2020,999,5,442,552,Western Pacific
South Australia,Australia,-34.9285,138.6007,15-04-2020,433,4,240,189,Western Pacific
Tasmania,Australia,-41.4545,145.9707,15-04-2020,165,6,53,106,Western Pacific
Victoria,Australia,-37.8136,144.9631,15-04-2020,1299,14,1118,167,Western Pacific
Western Australia,Australia,-31.9505,115.8605,15-04-2020,527,6,251,270,Western Pacific
Australian Capital Territory,Australia,-35.4735,149.0124,16-04-2020,103,3,82,18,Western Pacific
New South Wales,Australia,-33.8688,151.2093,16-04-2020,2897,25,4,2868,Western Pacific
Northern Territory,Australia,-12.4634,130.8456,16-04-2020,28,0,6,22,Western Pacific
Queensland,Australia,-28.0167,153.4,16-04-2020,1001,5,442,554,Western Pacific
South Australia,Australia,-34.9285,138.6007,16-04-2020,433,4,279,150,Western Pacific
Tasmania,Australia,-41.4545,145.9707,16-04-2020,169,6,67,96,Western Pacific
Victoria,Australia,-37.8136,144.9631,16-04-2020,1299,14,1137,148,Western Pacific
Western Australia,Australia,-31.9505,115.8605,16-04-2020,532,6,338,188,Western Pacific
Australian Capital Territory,Australia,-35.4735,149.0124,17-04-2020,103,3,81,19,Western Pacific
New South Wales,Australia,-33.8688,151.2093,17-04-2020,2926,26,1379,1521,Western Pacific
Northern Territory,Australia,-12.4634,130.8456,17-04-2020,28,0,9,19,Western Pacific
Queensland,Australia,-28.0167,153.4,17-04-2020,1007,5,442,560,Western Pacific
South Australia,Australia,-34.9285,138.6007,17-04-2020,435,4,331,100,Western Pacific
Tasmania,Australia,-41.4545,145.9707,17-04-2020,180,7,67,106,Western Pacific
Victoria,Australia,-37.8136,144.9631,17-04-2020,1302,14,1159,129,Western Pacific
Western Australia,Australia,-31.9505,115.8605,17-04-2020,541,7,340,194,Western Pacific
Australian Capital Territory,Australia,-35.4735,149.0124,18-04-2020,103,3,88,12,Western Pacific
New South Wales,Australia,-33.8688,151.2093,18-04-2020,2936,26,1379,1531,Western Pacific
Northern Territory,Australia,-12.4634,130.8456,18-04-2020,28,0,9,19,Western Pacific
Queensland,Australia,-28.0167,153.4,18-04-2020,1015,6,738,271,Western Pacific
South Australia,Australia,-34.9285,138.6007,18-04-2020,435,4,331,100,Western Pacific
Tasmania,Australia,-41.4545,145.9707,18-04-2020,188,7,67,114,Western Pacific
Victoria,Australia,-37.8136,144.9631,18-04-2020,1319,14,1172,133,Western Pacific
Western Australia,Australia,-31.9505,115.8605,18-04-2020,544,7,340,197,Western Pacific
Australian Capital Territory,Australia,-35.4735,149.0124,19-04-2020,103,3,88,12,Western Pacific
New South Wales,Australia,-33.8688,151.2093,19-04-2020,2957,26,1379,1552,Western Pacific
Northern Territory,Australia,-12.4634,130.8456,19-04-2020,28,0,9,19,Western Pacific
Queensland,Australia,-28.0167,153.4,19-04-2020,1019,6,738,275,Western Pacific
South Australia,Australia,-34.9285,138.6007,19-04-2020,435,4,331,100,Western Pacific
Tasmania,Australia,-41.4545,145.9707,19-04-2020,195,7,67,121,Western Pacific
Victoria,Australia,-37.8136,144.9631,19-04-2020,1328,14,1172,142,Western Pacific
Western Australia,Australia,-31.9505,115.8605,19-04-2020,545,7,340,198,Western Pacific
Australian Capital Territory,Australia,-35.4735,149.0124,20-04-2020,104,3,91,10,Western Pacific
New South Wales,Australia,-33.8688,151.2093,20-04-2020,2963,26,1379,1558,Western Pacific
Northern Territory,Australia,-12.4634,130.8456,20-04-2020,28,0,12,16,Western Pacific
Queensland,Australia,-28.0167,153.4,20-04-2020,1019,6,738,275,Western Pacific
South Australia,Australia,-34.9285,138.6007,20-04-2020,435,4,369,62,Western Pacific
Tasmania,Australia,-41.4545,145.9707,20-04-2020,200,7,71,122,Western Pacific
Victoria,Australia,-37.8136,144.9631,20-04-2020,1329,14,1196,119,Western Pacific
Western Australia,Australia,-31.9505,115.8605,20-04-2020,545,7,435,103,Western Pacific
Australian Capital Territory,Australia,-35.4735,149.0124,21-04-2020,104,3,92,9,Western Pacific
New South Wales,Australia,-33.8688,151.2093,21-04-2020,2969,26,1755,1188,Western Pacific
Northern Territory,Australia,-12.4634,130.8456,21-04-2020,28,0,15,13,Western Pacific
Queensland,Australia,-28.0167,153.4,21-04-2020,1024,6,738,280,Western Pacific
South Australia,Australia,-34.9285,138.6007,21-04-2020,437,4,376,57,Western Pacific
Tasmania,Australia,-41.4545,145.9707,21-04-2020,201,7,74,120,Western Pacific
Victoria,Australia,-37.8136,144.9631,21-04-2020,1336,14,1202,120,Western Pacific
Western Australia,Australia,-31.9505,115.8605,21-04-2020,546,7,443,96,Western Pacific
Australian Capital Territory,Australia,-35.4735,149.0124,22-04-2020,104,3,93,8,Western Pacific
New South Wales,Australia,-33.8688,151.2093,22-04-2020,2971,26,1926,1019,Western Pacific
Northern Territory,Australia,-12.4634,130.8456,22-04-2020,28,0,16,12,Western Pacific
Queensland,Australia,-28.0167,153.4,22-04-2020,1024,6,738,280,Western Pacific
South Australia,Australia,-34.9285,138.6007,22-04-2020,438,4,388,46,Western Pacific
Tasmania,Australia,-41.4545,145.9707,22-04-2020,205,7,77,121,Western Pacific
Victoria,Australia,-37.8136,144.9631,22-04-2020,1336,14,1243,79,Western Pacific
Western Australia,Australia,-31.9505,115.8605,22-04-2020,546,7,451,88,Western Pacific
Australian Capital Territory,Australia,-35.4735,149.0124,23-04-2020,104,3,93,8,Western Pacific
New South Wales,Australia,-33.8688,151.2093,23-04-2020,2976,31,2006,939,Western Pacific
Northern Territory,Australia,-12.4634,130.8456,23-04-2020,28,0,16,12,Western Pacific
Queensland,Australia,-28.0167,153.4,23-04-2020,1026,6,738,282,Western Pacific
South Australia,Australia,-34.9285,138.6007,23-04-2020,438,4,394,40,Western Pacific
Tasmania,Australia,-41.4545,145.9707,23-04-2020,207,8,91,108,Western Pacific
Victoria,Australia,-37.8136,144.9631,23-04-2020,1337,16,1251,70,Western Pacific
Western Australia,Australia,-31.9505,115.8605,23-04-2020,546,7,458,81,Western Pacific
Australian Capital Territory,Australia,-35.4735,149.0124,24-04-2020,105,3,97,5,Western Pacific
New South Wales,Australia,-33.8688,151.2093,24-04-2020,2982,33,2056,893,Western Pacific
Northern Territory,Australia,-12.4634,130.8456,24-04-2020,28,0,20,8,Western Pacific
Queensland,Australia,-28.0167,153.4,24-04-2020,1026,6,738,282,Western Pacific
South Australia,Australia,-34.9285,138.6007,24-04-2020,438,4,401,33,Western Pacific
Tasmania,Australia,-41.4545,145.9707,24-04-2020,207,9,106,92,Western Pacific
Victoria,Australia,-37.8136,144.9631,24-04-2020,1343,16,1254,73,Western Pacific
Western Australia,Australia,-31.9505,115.8605,24-04-2020,548,8,464,76,Western Pacific
Australian Capital Territory,Australia,-35.4735,149.0124,25-04-2020,106,3,98,5,Western Pacific
New South Wales,Australia,-33.8688,151.2093,25-04-2020,2994,33,2193,768,Western Pacific
Northern Territory,Australia,-12.4634,130.8456,25-04-2020,28,0,23,5,Western Pacific
Queensland,Australia,-28.0167,153.4,25-04-2020,1026,6,803,217,Western Pacific
South Australia,Australia,-34.9285,138.6007,25-04-2020,438,4,402,32,Western Pacific
Tasmania,Australia,-41.4545,145.9707,25-04-2020,207,10,117,80,Western Pacific
Victoria,Australia,-37.8136,144.9631,25-04-2020,1346,16,1262,68,Western Pacific
Western Australia,Australia,-31.9505,115.8605,25-04-2020,549,8,478,63,Western Pacific
Australian Capital Territory,Australia,-35.4735,149.0124,26-04-2020,106,3,99,4,Western Pacific
New South Wales,Australia,-33.8688,151.2093,26-04-2020,3002,34,2208,760,Western Pacific
Northern Territory,Australia,-12.4634,130.8456,26-04-2020,28,0,23,5,Western Pacific
Queensland,Australia,-28.0167,153.4,26-04-2020,1030,6,926,98,Western Pacific
South Australia,Australia,-34.9285,138.6007,26-04-2020,438,4,411,23,Western Pacific
Tasmania,Australia,-41.4545,145.9707,26-04-2020,212,11,123,78,Western Pacific
Victoria,Australia,-37.8136,144.9631,26-04-2020,1349,17,1265,67,Western Pacific
Western Australia,Australia,-31.9505,115.8605,26-04-2020,549,8,486,55,Western Pacific
Australian Capital Territory,Australia,-35.4735,149.0124,27-04-2020,106,3,100,3,Western Pacific
New South Wales,Australia,-33.8688,151.2093,27-04-2020,3004,34,2227,743,Western Pacific
Northern Territory,Australia,-12.4634,130.8456,27-04-2020,28,0,23,5,Western Pacific
Queensland,Australia,-28.0167,153.4,27-04-2020,1033,6,926,101,Western Pacific
South Australia,Australia,-34.9285,138.6007,27-04-2020,438,4,414,20,Western Pacific
Tasmania,Australia,-41.4545,145.9707,27-04-2020,214,11,132,71,Western Pacific
Victoria,Australia,-37.8136,144.9631,27-04-2020,1349,17,1280,52,Western Pacific
Western Australia,Australia,-31.9505,115.8605,27-04-2020,549,8,486,55,Western Pacific
Australian Capital Territory,Australia,-35.4735,149.0124,28-04-2020,106,3,101,2,Western Pacific
New South Wales,Australia,-33.8688,151.2093,28-04-2020,3016,39,2266,711,Western Pacific
Northern Territory,Australia,-12.4634,130.8456,28-04-2020,28,0,25,3,Western Pacific
Queensland,Australia,-28.0167,153.4,28-04-2020,1034,6,934,94,Western Pacific
South Australia,Australia,-34.9285,138.6007,28-04-2020,438,4,420,14,Western Pacific
Tasmania,Australia,-41.4545,145.9707,28-04-2020,218,11,137,70,Western Pacific
Victoria,Australia,-37.8136,144.9631,28-04-2020,1354,18,1287,49,Western Pacific
Western Australia,Australia,-31.9505,115.8605,28-04-2020,550,8,495,47,Western Pacific
Australian Capital Territory,Australia,-35.4735,149.0124,29-04-2020,106,3,101,2,Western Pacific
New South Wales,Australia,-33.8688,151.2093,29-04-2020,3016,40,2284,692,Western Pacific
Northern Territory,Australia,-12.4634,130.8456,29-04-2020,28,0,25,3,Western Pacific
Queensland,Australia,-28.0167,153.4,29-04-2020,1033,6,943,84,Western Pacific
South Australia,Australia,-34.9285,138.6007,29-04-2020,438,4,420,14,Western Pacific
Tasmania,Australia,-41.4545,145.9707,29-04-2020,219,12,144,63,Western Pacific
Victoria,Australia,-37.8136,144.9631,29-04-2020,1361,18,1291,52,Western Pacific
Western Australia,Australia,-31.9505,115.8605,29-04-2020,551,8,507,36,Western Pacific
Australian Capital Territory,Australia,-35.4735,149.0124,30-04-2020,106,3,103,0,Western Pacific
New South Wales,Australia,-33.8688,151.2093,30-04-2020,3025,41,2293,691,Western Pacific
Northern Territory,Australia,-12.4634,130.8456,30-04-2020,28,0,25,3,Western Pacific
Queensland,Australia,-28.0167,153.4,30-04-2020,1033,6,948,79,Western Pacific
South Australia,Australia,-34.9285,138.6007,30-04-2020,438,4,420,14,Western Pacific
Tasmania,Australia,-41.4545,145.9707,30-04-2020,221,13,153,55,Western Pacific
Victoria,Australia,-37.8136,144.9631,30-04-2020,1364,18,1293,53,Western Pacific
Western Australia,Australia,-31.9505,115.8605,30-04-2020,551,8,507,36,Western Pacific
Australian Capital Territory,Australia,-35.4735,149.0124,01-05-2020,106,3,103,0,Western Pacific
New South Wales,Australia,-33.8688,151.2093,01-05-2020,3030,41,2293,696,Western Pacific
Northern Territory,Australia,-12.4634,130.8456,01-05-2020,27,0,24,3,Western Pacific
Queensland,Australia,-28.0167,153.4,01-05-2020,1034,6,965,63,Western Pacific
South Australia,Australia,-34.9285,138.6007,01-05-2020,438,4,422,12,Western Pacific
Tasmania,Australia,-41.4545,145.9707,01-05-2020,221,13,157,51,Western Pacific
Victoria,Australia,-37.8136,144.9631,01-05-2020,1371,18,1300,53,Western Pacific
Western Australia,Australia,-31.9505,115.8605,01-05-2020,551,8,511,32,Western Pacific
Australian Capital Territory,Australia,-35.4735,149.0124,02-05-2020,106,3,103,0,Western Pacific
New South Wales,Australia,-33.8688,151.2093,02-05-2020,3035,42,2306,687,Western Pacific
Northern Territory,Australia,-12.4634,130.8456,02-05-2020,29,0,24,5,Western Pacific
Queensland,Australia,-28.0167,153.4,02-05-2020,1035,6,976,53,Western Pacific
South Australia,Australia,-34.9285,138.6007,02-05-2020,438,4,427,7,Western Pacific
Tasmania,Australia,-41.4545,145.9707,02-05-2020,221,13,158,50,Western Pacific
Victoria,Australia,-37.8136,144.9631,02-05-2020,1384,18,1300,66,Western Pacific
Western Australia,Australia,-31.9505,115.8605,02-05-2020,551,8,520,23,Western Pacific
Australian Capital Territory,Australia,-35.4735,149.0124,03-05-2020,106,3,103,0,Western Pacific
New South Wales,Australia,-33.8688,151.2093,03-05-2020,3033,42,2328,663,Western Pacific
Northern Territory,Australia,-12.4634,130.8456,03-05-2020,29,0,24,5,Western Pacific
Queensland,Australia,-28.0167,153.4,03-05-2020,1038,6,980,52,Western Pacific
South Australia,Australia,-34.9285,138.6007,03-05-2020,438,4,427,7,Western Pacific
Tasmania,Australia,-41.4545,145.9707,03-05-2020,221,13,164,44,Western Pacific
Victoria,Australia,-37.8136,144.9631,03-05-2020,1406,18,1300,88,Western Pacific
Western Australia,Australia,-31.9505,115.8605,03-05-2020,551,9,523,19,Western Pacific
Australian Capital Territory,Australia,-35.4735,149.0124,04-05-2020,107,3,103,1,Western Pacific
New South Wales,Australia,-33.8688,151.2093,04-05-2020,3035,43,2349,643,Western Pacific
Northern Territory,Australia,-12.4634,130.8456,04-05-2020,29,0,24,5,Western Pacific
Queensland,Australia,-28.0167,153.4,04-05-2020,1043,6,980,57,Western Pacific
South Australia,Australia,-34.9285,138.6007,04-05-2020,438,4,427,7,Western Pacific
Tasmania,Australia,-41.4545,145.9707,04-05-2020,221,13,165,43,Western Pacific
Victoria,Australia,-37.8136,144.9631,04-05-2020,1423,18,1311,94,Western Pacific
Western Australia,Australia,-31.9505,115.8605,04-05-2020,551,9,528,14,Western Pacific
Australian Capital Territory,Australia,-35.4735,149.0124,05-05-2020,107,3,103,1,Western Pacific
New South Wales,Australia,-33.8688,151.2093,05-05-2020,3042,44,2418,580,Western Pacific
Northern Territory,Australia,-12.4634,130.8456,05-05-2020,29,0,26,3,Western Pacific
Queensland,Australia,-28.0167,153.4,05-05-2020,1043,6,985,52,Western Pacific
South Australia,Australia,-34.9285,138.6007,05-05-2020,438,4,429,5,Western Pacific
Tasmania,Australia,-41.4545,145.9707,05-05-2020,225,13,165,47,Western Pacific
Victoria,Australia,-37.8136,144.9631,05-05-2020,1440,18,1321,101,Western Pacific
Western Australia,Australia,-31.9505,115.8605,05-05-2020,551,9,528,14,Western Pacific
Australian Capital Territory,Australia,-35.4735,149.0124,06-05-2020,107,3,103,1,Western Pacific
New South Wales,Australia,-33.8688,151.2093,06-05-2020,3044,44,2463,537,Western Pacific
Northern Territory,Australia,-12.4634,130.8456,06-05-2020,29,0,27,2,Western Pacific
Queensland,Australia,-28.0167,153.4,06-05-2020,1045,6,989,50,Western Pacific
South Australia,Australia,-34.9285,138.6007,06-05-2020,438,4,432,2,Western Pacific
Tasmania,Australia,-41.4545,145.9707,06-05-2020,226,13,167,46,Western Pacific
Victoria,Australia,-37.8136,144.9631,06-05-2020,1454,18,1322,114,Western Pacific
Western Australia,Australia,-31.9505,115.8605,06-05-2020,551,9,528,14,Western Pacific
Australian Capital Territory,Australia,-35.4735,149.0124,07-05-2020,107,3,103,1,Western Pacific
New South Wales,Australia,-33.8688,151.2093,07-05-2020,3047,44,2486,517,Western Pacific
Northern Territory,Australia,-12.4634,130.8456,07-05-2020,29,0,27,2,Western Pacific
Queensland,Australia,-28.0167,153.4,07-05-2020,1045,6,994,45,Western Pacific
South Australia,Australia,-34.9285,138.6007,07-05-2020,439,4,433,2,Western Pacific
Tasmania,Australia,-41.4545,145.9707,07-05-2020,227,13,174,40,Western Pacific
Victoria,Australia,-37.8136,144.9631,07-05-2020,1467,18,1327,122,Western Pacific
Western Australia,Australia,-31.9505,115.8605,07-05-2020,552,9,534,9,Western Pacific
Australian Capital Territory,Australia,-35.4735,149.0124,08-05-2020,107,3,103,1,Western Pacific
New South Wales,Australia,-33.8688,151.2093,08-05-2020,3051,44,2504,503,Western Pacific
Northern Territory,Australia,-12.4634,130.8456,08-05-2020,29,0,27,2,Western Pacific
Queensland,Australia,-28.0167,153.4,08-05-2020,1045,6,1019,20,Western Pacific
South Australia,Australia,-34.9285,138.6007,08-05-2020,439,4,433,2,Western Pacific
Tasmania,Australia,-41.4545,145.9707,08-05-2020,227,13,175,39,Western Pacific
Victoria,Australia,-37.8136,144.9631,08-05-2020,1468,18,1327,123,Western Pacific
Western Australia,Australia,-31.9505,115.8605,08-05-2020,552,9,534,9,Western Pacific
Australian Capital Territory,Australia,-35.4735,149.0124,09-05-2020,107,3,104,0,Western Pacific
New South Wales,Australia,-33.8688,151.2093,09-05-2020,3053,44,2504,505,Western Pacific
Northern Territory,Australia,-12.4634,130.8456,09-05-2020,29,0,27,2,Western Pacific
Queensland,Australia,-28.0167,153.4,09-05-2020,1045,6,1019,20,Western Pacific
South Australia,Australia,-34.9285,138.6007,09-05-2020,439,4,433,2,Western Pacific
Tasmania,Australia,-41.4545,145.9707,09-05-2020,227,13,182,32,Western Pacific
Victoria,Australia,-37.8136,144.9631,09-05-2020,1487,18,1336,133,Western Pacific
Western Australia,Australia,-31.9505,115.8605,09-05-2020,552,9,536,7,Western Pacific
Australian Capital Territory,Australia,-35.4735,149.0124,10-05-2020,107,3,104,0,Western Pacific
New South Wales,Australia,-33.8688,151.2093,10-05-2020,3053,44,2517,492,Western Pacific
Northern Territory,Australia,-12.4634,130.8456,10-05-2020,29,0,27,2,Western Pacific
Queensland,Australia,-28.0167,153.4,10-05-2020,1045,6,1021,18,Western Pacific
South Australia,Australia,-34.9285,138.6007,10-05-2020,439,4,434,1,Western Pacific
Tasmania,Australia,-41.4545,145.9707,10-05-2020,227,13,182,32,Western Pacific
Victoria,Australia,-37.8136,144.9631,10-05-2020,1496,18,1346,132,Western Pacific
Western Australia,Australia,-31.9505,115.8605,10-05-2020,552,9,536,7,Western Pacific
Australian Capital Territory,Australia,-35.4735,149.0124,11-05-2020,107,3,104,0,Western Pacific
New South Wales,Australia,-33.8688,151.2093,11-05-2020,3053,44,2543,466,Western Pacific
Northern Territory,Australia,-12.4634,130.8456,11-05-2020,29,0,27,2,Western Pacific
Queensland,Australia,-28.0167,153.4,11-05-2020,1051,6,1027,18,Western Pacific
South Australia,Australia,-34.9285,138.6007,11-05-2020,439,4,434,1,Western Pacific
Tasmania,Australia,-41.4545,145.9707,11-05-2020,227,13,182,32,Western Pacific
Victoria,Australia,-37.8136,144.9631,11-05-2020,1511,18,1360,133,Western Pacific
Western Australia,Australia,-31.9505,115.8605,11-05-2020,553,9,536,8,Western Pacific
Australian Capital Territory,Australia,-35.4735,149.0124,12-05-2020,107,3,104,0,Western Pacific
New South Wales,Australia,-33.8688,151.2093,12-05-2020,3059,45,2571,443,Western Pacific
Northern Territory,Australia,-12.4634,130.8456,12-05-2020,29,0,27,2,Western Pacific
Queensland,Australia,-28.0167,153.4,12-05-2020,1052,6,1028,18,Western Pacific
South Australia,Australia,-34.9285,138.6007,12-05-2020,439,4,434,1,Western Pacific
Tasmania,Australia,-41.4545,145.9707,12-05-2020,227,13,184,30,Western Pacific
Victoria,Australia,-37.8136,144.9631,12-05-2020,1514,18,1385,111,Western Pacific
Western Australia,Australia,-31.9505,115.8605,12-05-2020,553,9,537,7,Western Pacific
Australian Capital Territory,Australia,-35.4735,149.0124,13-05-2020,107,3,104,0,Western Pacific
New South Wales,Australia,-33.8688,151.2093,13-05-2020,3063,45,2595,423,Western Pacific
Northern Territory,Australia,-12.4634,130.8456,13-05-2020,29,0,27,2,Western Pacific
Queensland,Australia,-28.0167,153.4,13-05-2020,1051,6,1030,15,Western Pacific
South Australia,Australia,-34.9285,138.6007,13-05-2020,439,4,434,1,Western Pacific
Tasmania,Australia,-41.4545,145.9707,13-05-2020,227,13,184,30,Western Pacific
Victoria,Australia,-37.8136,144.9631,13-05-2020,1521,18,1385,118,Western Pacific
Western Australia,Australia,-31.9505,115.8605,13-05-2020,552,9,538,5,Western Pacific
Australian Capital Territory,Australia,-35.4735,149.0124,14-05-2020,107,3,104,0,Western Pacific
New South Wales,Australia,-33.8688,151.2093,14-05-2020,3071,45,2605,421,Western Pacific
Northern Territory,Australia,-12.4634,130.8456,14-05-2020,29,0,27,2,Western Pacific
Queensland,Australia,-28.0167,153.4,14-05-2020,1054,6,1031,17,Western Pacific
South Australia,Australia,-34.9285,138.6007,14-05-2020,439,4,434,1,Western Pacific
Tasmania,Australia,-41.4545,145.9707,14-05-2020,227,13,188,26,Western Pacific
Victoria,Australia,-37.8136,144.9631,14-05-2020,1540,18,1407,115,Western Pacific
Western Australia,Australia,-31.9505,115.8605,14-05-2020,552,9,538,5,Western Pacific
Australian Capital Territory,Australia,-35.4735,149.0124,15-05-2020,107,3,104,0,Western Pacific
New South Wales,Australia,-33.8688,151.2093,15-05-2020,3074,45,2611,418,Western Pacific
Northern Territory,Australia,-12.4634,130.8456,15-05-2020,29,0,27,2,Western Pacific
Queensland,Australia,-28.0167,153.4,15-05-2020,1055,6,1036,13,Western Pacific
South Australia,Australia,-34.9285,138.6007,15-05-2020,439,4,435,0,Western Pacific
Tasmania,Australia,-41.4545,145.9707,15-05-2020,228,13,191,24,Western Pacific
Victoria,Australia,-37.8136,144.9631,15-05-2020,1551,18,1417,116,Western Pacific
Western Australia,Australia,-31.9505,115.8605,15-05-2020,552,9,538,5,Western Pacific
Australian Capital Territory,Australia,-35.4735,149.0124,16-05-2020,107,3,104,0,Western Pacific
New South Wales,Australia,-33.8688,151.2093,16-05-2020,3075,45,2611,419,Western Pacific
Northern Territory,Australia,-12.4634,130.8456,16-05-2020,29,0,27,2,Western Pacific
Queensland,Australia,-28.0167,153.4,16-05-2020,1055,6,1037,12,Western Pacific
South Australia,Australia,-34.9285,138.6007,16-05-2020,439,4,435,0,Western Pacific
Tasmania,Australia,-41.4545,145.9707,16-05-2020,228,13,192,23,Western Pacific
Victoria,Australia,-37.8136,144.9631,16-05-2020,1558,18,1417,123,Western Pacific
Western Australia,Australia,-31.9505,115.8605,16-05-2020,553,9,541,3,Western Pacific
Australian Capital Territory,Australia,-35.4735,149.0124,17-05-2020,107,3,104,0,Western Pacific
New South Wales,Australia,-33.8688,151.2093,17-05-2020,3076,46,2612,418,Western Pacific
Northern Territory,Australia,-12.4634,130.8456,17-05-2020,29,0,27,2,Western Pacific
Queensland,Australia,-28.0167,153.4,17-05-2020,1057,6,1038,13,Western Pacific
South Australia,Australia,-34.9285,138.6007,17-05-2020,439,4,435,0,Western Pacific
Tasmania,Australia,-41.4545,145.9707,17-05-2020,228,13,194,21,Western Pacific
Victoria,Australia,-37.8136,144.9631,17-05-2020,1564,18,1439,107,Western Pacific
Western Australia,Australia,-31.9505,115.8605,17-05-2020,554,9,543,2,Western Pacific
Australian Capital Territory,Australia,-35.4735,149.0124,18-05-2020,107,3,104,0,Western Pacific
New South Wales,Australia,-33.8688,151.2093,18-05-2020,3078,46,2614,418,Western Pacific
Northern Territory,Australia,-12.4634,130.8456,18-05-2020,29,0,27,2,Western Pacific
Queensland,Australia,-28.0167,153.4,18-05-2020,1057,6,1039,12,Western Pacific
South Australia,Australia,-34.9285,138.6007,18-05-2020,439,4,435,0,Western Pacific
Tasmania,Australia,-41.4545,145.9707,18-05-2020,228,13,195,20,Western Pacific
Victoria,Australia,-37.8136,144.9631,18-05-2020,1573,18,1454,101,Western Pacific
Western Australia,Australia,-31.9505,115.8605,18-05-2020,557,9,545,3,Western Pacific
Australian Capital Territory,Australia,-35.4735,149.0124,19-05-2020,107,3,104,0,Western Pacific
New South Wales,Australia,-33.8688,151.2093,19-05-2020,3081,47,2631,403,Western Pacific
Northern Territory,Australia,-12.4634,130.8456,19-05-2020,29,0,27,2,Western Pacific
Queensland,Australia,-28.0167,153.4,19-05-2020,1058,6,1040,12,Western Pacific
South Australia,Australia,-34.9285,138.6007,19-05-2020,439,4,435,0,Western Pacific
Tasmania,Australia,-41.4545,145.9707,19-05-2020,228,13,195,20,Western Pacific
Victoria,Australia,-37.8136,144.9631,19-05-2020,1573,18,1454,101,Western Pacific
Western Australia,Australia,-31.9505,115.8605,19-05-2020,557,9,545,3,Western Pacific
Australian Capital Territory,Australia,-35.4735,149.0124,20-05-2020,107,3,104,0,Western Pacific
New South Wales,Australia,-33.8688,151.2093,20-05-2020,3082,47,2648,387,Western Pacific
Northern Territory,Australia,-12.4634,130.8456,20-05-2020,29,0,29,0,Western Pacific
Queensland,Australia,-28.0167,153.4,20-05-2020,1058,6,1040,12,Western Pacific
South Australia,Australia,-34.9285,138.6007,20-05-2020,439,4,435,0,Western Pacific
Tasmania,Australia,-41.4545,145.9707,20-05-2020,228,13,196,19,Western Pacific
Victoria,Australia,-37.8136,144.9631,20-05-2020,1581,18,1473,90,Western Pacific
Western Australia,Australia,-31.9505,115.8605,20-05-2020,557,9,545,3,Western Pacific
Australian Capital Territory,Australia,-35.4735,149.0124,21-05-2020,107,3,104,0,Western Pacific
New South Wales,Australia,-33.8688,151.2093,21-05-2020,3084,48,2648,388,Western Pacific
Northern Territory,Australia,-12.4634,130.8456,21-05-2020,29,0,29,0,Western Pacific
Queensland,Australia,-28.0167,153.4,21-05-2020,1058,6,1040,12,Western Pacific
South Australia,Australia,-34.9285,138.6007,21-05-2020,439,4,435,0,Western Pacific
Tasmania,Australia,-41.4545,145.9707,21-05-2020,228,13,198,17,Western Pacific
Victoria,Australia,-37.8136,144.9631,21-05-2020,1593,18,1479,96,Western Pacific
Western Australia,Australia,-31.9505,115.8605,21-05-2020,557,9,545,3,Western Pacific
Australian Capital Territory,Australia,-35.4735,149.0124,22-05-2020,107,3,104,0,Western Pacific
New South Wales,Australia,-33.8688,151.2093,22-05-2020,3086,48,2653,385,Western Pacific
Northern Territory,Australia,-12.4634,130.8456,22-05-2020,29,0,29,0,Western Pacific
Queensland,Australia,-28.0167,153.4,22-05-2020,1060,6,1041,13,Western Pacific
South Australia,Australia,-34.9285,138.6007,22-05-2020,439,4,435,0,Western Pacific
Tasmania,Australia,-41.4545,145.9707,22-05-2020,228,13,199,16,Western Pacific
Victoria,Australia,-37.8136,144.9631,22-05-2020,1593,18,1479,96,Western Pacific
Western Australia,Australia,-31.9505,115.8605,22-05-2020,557,9,545,3,Western Pacific
Australian Capital Territory,Australia,-35.4735,149.0124,23-05-2020,107,3,104,0,Western Pacific
New South Wales,Australia,-33.8688,151.2093,23-05-2020,3087,48,2653,386,Western Pacific
Northern Territory,Australia,-12.4634,130.8456,23-05-2020,29,0,29,0,Western Pacific
Queensland,Australia,-28.0167,153.4,23-05-2020,1061,6,1041,14,Western Pacific
South Australia,Australia,-34.9285,138.6007,23-05-2020,439,4,435,0,Western Pacific
Tasmania,Australia,-41.4545,145.9707,23-05-2020,228,13,199,16,Western Pacific
Victoria,Australia,-37.8136,144.9631,23-05-2020,1603,19,1498,86,Western Pacific
Western Australia,Australia,-31.9505,115.8605,23-05-2020,560,9,549,2,Western Pacific
Australian Capital Territory,Australia,-35.4735,149.0124,24-05-2020,107,3,104,0,Western Pacific
New South Wales,Australia,-33.8688,151.2093,24-05-2020,3090,48,2656,386,Western Pacific
Northern Territory,Australia,-12.4634,130.8456,24-05-2020,29,0,29,0,Western Pacific
Queensland,Australia,-28.0167,153.4,24-05-2020,1056,6,1038,12,Western Pacific
South Australia,Australia,-34.9285,138.6007,24-05-2020,439,4,435,0,Western Pacific
Tasmania,Australia,-41.4545,145.9707,24-05-2020,228,13,200,15,Western Pacific
Victoria,Australia,-37.8136,144.9631,24-05-2020,1605,19,1520,66,Western Pacific
Western Australia,Australia,-31.9505,115.8605,24-05-2020,560,9,549,2,Western Pacific
Australian Capital Territory,Australia,-35.4735,149.0124,25-05-2020,107,3,104,0,Western Pacific
New South Wales,Australia,-33.8688,151.2093,25-05-2020,3092,48,2661,383,Western Pacific
Northern Territory,Australia,-12.4634,130.8456,25-05-2020,29,0,29,0,Western Pacific
Queensland,Australia,-28.0167,153.4,25-05-2020,1057,6,1039,12,Western Pacific
South Australia,Australia,-34.9285,138.6007,25-05-2020,439,4,435,0,Western Pacific
Tasmania,Australia,-41.4545,145.9707,25-05-2020,228,13,202,13,Western Pacific
Victoria,Australia,-37.8136,144.9631,25-05-2020,1610,19,1533,58,Western Pacific
Western Australia,Australia,-31.9505,115.8605,25-05-2020,564,9,549,6,Western Pacific
Australian Capital Territory,Australia,-35.4735,149.0124,26-05-2020,107,3,104,0,Western Pacific
New South Wales,Australia,-33.8688,151.2093,26-05-2020,3089,48,2663,378,Western Pacific
Northern Territory,Australia,-12.4634,130.8456,26-05-2020,29,0,29,0,Western Pacific
Queensland,Australia,-28.0167,153.4,26-05-2020,1058,7,1044,7,Western Pacific
South Australia,Australia,-34.9285,138.6007,26-05-2020,440,4,435,1,Western Pacific
Tasmania,Australia,-41.4545,145.9707,26-05-2020,228,13,203,12,Western Pacific
Victoria,Australia,-37.8136,144.9631,26-05-2020,1618,19,1533,66,Western Pacific
Western Australia,Australia,-31.9505,115.8605,26-05-2020,570,9,549,12,Western Pacific
Australian Capital Territory,Australia,-35.4735,149.0124,27-05-2020,107,3,104,0,Western Pacific
New South Wales,Australia,-33.8688,151.2093,27-05-2020,3090,48,2670,372,Western Pacific
Northern Territory,Australia,-12.4634,130.8456,27-05-2020,29,0,29,0,Western Pacific
Queensland,Australia,-28.0167,153.4,27-05-2020,1058,7,1045,6,Western Pacific
South Australia,Australia,-34.9285,138.6007,27-05-2020,440,4,435,1,Western Pacific
Tasmania,Australia,-41.4545,145.9707,27-05-2020,228,13,203,12,Western Pacific
Victoria,Australia,-37.8136,144.9631,27-05-2020,1628,19,1544,65,Western Pacific
Western Australia,Australia,-31.9505,115.8605,27-05-2020,570,9,549,12,Western Pacific
Australian Capital Territory,Australia,-35.4735,149.0124,28-05-2020,107,3,104,0,Western Pacific
New South Wales,Australia,-33.8688,151.2093,28-05-2020,3092,48,2666,378,Western Pacific
Northern Territory,Australia,-12.4634,130.8456,28-05-2020,29,0,29,0,Western Pacific
Queensland,Australia,-28.0167,153.4,28-05-2020,1058,7,1045,6,Western Pacific
South Australia,Australia,-34.9285,138.6007,28-05-2020,440,4,435,1,Western Pacific
Tasmania,Australia,-41.4545,145.9707,28-05-2020,228,13,203,12,Western Pacific
Victoria,Australia,-37.8136,144.9631,28-05-2020,1634,19,1544,71,Western Pacific
Western Australia,Australia,-31.9505,115.8605,28-05-2020,577,9,550,18,Western Pacific
Australian Capital Territory,Australia,-35.4735,149.0124,29-05-2020,107,3,104,0,Western Pacific
New South Wales,Australia,-33.8688,151.2093,29-05-2020,3092,48,2683,361,Western Pacific
Northern Territory,Australia,-12.4634,130.8456,29-05-2020,29,0,29,0,Western Pacific
Queensland,Australia,-28.0167,153.4,29-05-2020,1058,7,1045,6,Western Pacific
South Australia,Australia,-34.9285,138.6007,29-05-2020,440,4,435,1,Western Pacific
Tasmania,Australia,-41.4545,145.9707,29-05-2020,228,13,205,10,Western Pacific
Victoria,Australia,-37.8136,144.9631,29-05-2020,1645,19,1553,73,Western Pacific
Western Australia,Australia,-31.9505,115.8605,29-05-2020,585,9,551,25,Western Pacific
Australian Capital Territory,Australia,-35.4735,149.0124,30-05-2020,107,3,104,0,Western Pacific
New South Wales,Australia,-33.8688,151.2093,30-05-2020,3095,48,2685,362,Western Pacific
Northern Territory,Australia,-12.4634,130.8456,30-05-2020,29,0,29,0,Western Pacific
Queensland,Australia,-28.0167,153.4,30-05-2020,1058,7,1046,5,Western Pacific
South Australia,Australia,-34.9285,138.6007,30-05-2020,440,4,435,1,Western Pacific
Tasmania,Australia,-41.4545,145.9707,30-05-2020,228,13,206,9,Western Pacific
Victoria,Australia,-37.8136,144.9631,30-05-2020,1649,19,1557,73,Western Pacific
Western Australia,Australia,-31.9505,115.8605,30-05-2020,586,9,552,25,Western Pacific
Australian Capital Territory,Australia,-35.4735,149.0124,31-05-2020,107,3,104,0,Western Pacific
New South Wales,Australia,-33.8688,151.2093,31-05-2020,3098,48,2685,365,Western Pacific
Northern Territory,Australia,-12.4634,130.8456,31-05-2020,29,0,29,0,Western Pacific
Queensland,Australia,-28.0167,153.4,31-05-2020,1058,7,1046,5,Western Pacific
South Australia,Australia,-34.9285,138.6007,31-05-2020,440,4,435,1,Western Pacific
Tasmania,Australia,-41.4545,145.9707,31-05-2020,228,13,207,8,Western Pacific
Victoria,Australia,-37.8136,144.9631,31-05-2020,1653,19,1560,74,Western Pacific
Western Australia,Australia,-31.9505,115.8605,31-05-2020,589,9,552,28,Western Pacific
Australian Capital Territory,Australia,-35.4735,149.0124,01-06-2020,107,3,104,0,Western Pacific
New South Wales,Australia,-33.8688,151.2093,01-06-2020,3104,48,2687,369,Western Pacific
Northern Territory,Australia,-12.4634,130.8456,01-06-2020,29,0,29,0,Western Pacific
Queensland,Australia,-28.0167,153.4,01-06-2020,1059,6,1048,5,Western Pacific
South Australia,Australia,-34.9285,138.6007,01-06-2020,440,4,435,1,Western Pacific
Tasmania,Australia,-41.4545,145.9707,01-06-2020,228,13,207,8,Western Pacific
Victoria,Australia,-37.8136,144.9631,01-06-2020,1663,19,1563,81,Western Pacific
Western Australia,Australia,-31.9505,115.8605,01-06-2020,591,9,553,29,Western Pacific
Australian Capital Territory,Australia,-35.4735,149.0124,02-06-2020,107,3,104,0,Western Pacific
New South Wales,Australia,-33.8688,151.2093,02-06-2020,3104,48,2691,365,Western Pacific
Northern Territory,Australia,-12.4634,130.8456,02-06-2020,29,0,29,0,Western Pacific
Queensland,Australia,-28.0167,153.4,02-06-2020,1059,6,1047,6,Western Pacific
South Australia,Australia,-34.9285,138.6007,02-06-2020,440,4,435,1,Western Pacific
Tasmania,Australia,-41.4545,145.9707,02-06-2020,228,13,208,7,Western Pacific
Victoria,Australia,-37.8136,144.9631,02-06-2020,1670,19,1569,82,Western Pacific
Western Australia,Australia,-31.9505,115.8605,02-06-2020,592,9,553,30,Western Pacific
Australian Capital Territory,Australia,-35.4735,149.0124,03-06-2020,107,3,104,0,Western Pacific
New South Wales,Australia,-33.8688,151.2093,03-06-2020,3106,48,2700,358,Western Pacific
Northern Territory,Australia,-12.4634,130.8456,03-06-2020,29,0,29,0,Western Pacific
Queensland,Australia,-28.0167,153.4,03-06-2020,1060,6,1046,8,Western Pacific
South Australia,Australia,-34.9285,138.6007,03-06-2020,440,4,435,1,Western Pacific
Tasmania,Australia,-41.4545,145.9707,03-06-2020,228,13,208,7,Western Pacific
Victoria,Australia,-37.8136,144.9631,03-06-2020,1678,19,1569,90,Western Pacific
Western Australia,Australia,-31.9505,115.8605,03-06-2020,592,9,557,26,Western Pacific
Australian Capital Territory,Australia,-35.4735,149.0124,04-06-2020,107,3,104,0,Western Pacific
New South Wales,Australia,-33.8688,151.2093,04-06-2020,3110,48,2714,348,Western Pacific
Northern Territory,Australia,-12.4634,130.8456,04-06-2020,29,0,29,0,Western Pacific
Queensland,Australia,-28.0167,153.4,04-06-2020,1060,6,1049,5,Western Pacific
South Australia,Australia,-34.9285,138.6007,04-06-2020,440,4,436,0,Western Pacific
Tasmania,Australia,-41.4545,145.9707,04-06-2020,228,13,208,7,Western Pacific
Victoria,Australia,-37.8136,144.9631,04-06-2020,1681,19,1586,76,Western Pacific
Western Australia,Australia,-31.9505,115.8605,04-06-2020,592,9,557,26,Western Pacific
Australian Capital Territory,Australia,-35.4735,149.0124,05-06-2020,107,3,104,0,Western Pacific
New South Wales,Australia,-33.8688,151.2093,05-06-2020,3110,48,2719,343,Western Pacific
Northern Territory,Australia,-12.4634,130.8456,05-06-2020,29,0,29,0,Western Pacific
Queensland,Australia,-28.0167,153.4,05-06-2020,1061,6,1049,6,Western Pacific
South Australia,Australia,-34.9285,138.6007,05-06-2020,440,4,436,0,Western Pacific
Tasmania,Australia,-41.4545,145.9707,05-06-2020,228,13,208,7,Western Pacific
Victoria,Australia,-37.8136,144.9631,05-06-2020,1681,19,1586,76,Western Pacific
Western Australia,Australia,-31.9505,115.8605,05-06-2020,596,9,557,30,Western Pacific
Australian Capital Territory,Australia,-35.4735,149.0124,06-06-2020,108,3,104,1,Western Pacific
New South Wales,Australia,-33.8688,151.2093,06-06-2020,3109,48,2723,338,Western Pacific
Northern Territory,Australia,-12.4634,130.8456,06-06-2020,29,0,29,0,Western Pacific
Queensland,Australia,-28.0167,153.4,06-06-2020,1061,6,1050,5,Western Pacific
South Australia,Australia,-34.9285,138.6007,06-06-2020,440,4,436,0,Western Pacific
Tasmania,Australia,-41.4545,145.9707,06-06-2020,228,13,209,6,Western Pacific
Victoria,Australia,-37.8136,144.9631,06-06-2020,1685,19,1593,73,Western Pacific
Western Australia,Australia,-31.9505,115.8605,06-06-2020,599,9,559,31,Western Pacific
Australian Capital Territory,Australia,-35.4735,149.0124,07-06-2020,108,3,104,1,Western Pacific
New South Wales,Australia,-33.8688,151.2093,07-06-2020,3112,48,2724,340,Western Pacific
Northern Territory,Australia,-12.4634,130.8456,07-06-2020,29,0,29,0,Western Pacific
Queensland,Australia,-28.0167,153.4,07-06-2020,1062,6,1050,6,Western Pacific
South Australia,Australia,-34.9285,138.6007,07-06-2020,440,4,436,0,Western Pacific
Tasmania,Australia,-41.4545,145.9707,07-06-2020,228,13,209,6,Western Pacific
Victoria,Australia,-37.8136,144.9631,07-06-2020,1687,19,1595,73,Western Pacific
Western Australia,Australia,-31.9505,115.8605,07-06-2020,599,9,559,31,Western Pacific
Australian Capital Territory,Australia,-35.4735,149.0124,08-06-2020,108,3,104,1,Western Pacific
New South Wales,Australia,-33.8688,151.2093,08-06-2020,3114,48,2729,337,Western Pacific
Northern Territory,Australia,-12.4634,130.8456,08-06-2020,29,0,29,0,Western Pacific
Queensland,Australia,-28.0167,153.4,08-06-2020,1062,6,1051,5,Western Pacific
South Australia,Australia,-34.9285,138.6007,08-06-2020,440,4,436,0,Western Pacific
Tasmania,Australia,-41.4545,145.9707,08-06-2020,228,13,209,6,Western Pacific
Victoria,Australia,-37.8136,144.9631,08-06-2020,1687,19,1602,66,Western Pacific
Western Australia,Australia,-31.9505,115.8605,08-06-2020,599,9,560,30,Western Pacific
